text,label,answer
"রাহিমের কাছে ৫টি আম আছে। করিম তাকে ৩টি আম দিল। এখন তার কাছে কতটি আম?",add,৮
"মিতা ১২টি কলম কিনল। সে ৪টি কলম তার ভাইকে দিল। এখন মিতার কাছে কতটি আছে?",subtract,৮
"একটি ঝুড়িতে ৬টি আপেল আছে। ৪টি ঝুড়িতে মোট কতটি আপেল আছে?",multiply,২৪
"২০টি আম ৫ জনের মধ্যে ভাগ করা হলো। প্রত্যেকে কতটি আম পাবে?",divide,৪
"রুবির কাছে ১৫ টাকা আছে। সে ৭ টাকা খরচ করল, পরে ৩ টাকা পেল। এখন তার কাছে কত টাকা?",multi_step,১১
"একটি বাক্সে ১০টি চকোলেট আছে। মিতা ৩টি বাক্স কিনল। মোট চকোলেট কতটি?",multiply,৩০
"শহিদ ১৮ কেজি চাল কিনল। সে ১০ কেজি ব্যবহার করল। বাকি কত কেজি আছে?",subtract,৮
"প্রতিদিন রাহিম ২ ঘণ্টা পড়াশোনা করে। ৭ দিনে মোট কত ঘণ্টা পড়বে?",multiply,১৪
"একটি বইয়ের দাম ২৫ টাকা। রুবি ২টি বই কিনেছে। মোট কত টাকা লাগল?",multiply,৫০
"রুমির কাছে ৫০ টাকা ছিল। সে ২০ টাকা খরচ করেছে। এখন কত টাকা আছে?",subtract,৩০
"তানিয়ার কাছে ৮টি পেন্সিল আছে। শিলা তাকে ৫টি দিল। এখন কতটি?",add,১৩
"৪টি বাচ্চা মিলে ১৬টি বিস্কুট ভাগ করে খায়। প্রত্যেকে কয়টি পেল?",divide,৪
"একটি গাছে ৩০টি আম আছে। তার মধ্যে ১২টি পড়ল। গাছে কতটি আম রইল?",subtract,১৮
"রাহিম প্রতিদিন ৫ কিমি দৌড়ায়। ৬ দিনে মোট কত কিমি দৌড়াবে?",multiply,৩০
"মিতা ৩৫ টাকা দিয়ে ৫টি কলম কিনল। প্রতিটি কলমের দাম কত?",divide,৭
"রুবেল ৪টি খাতা কিনেছে। প্রতিটি খাতার দাম ১৫ টাকা। মোট কত টাকা লাগল?",multiply,৬০
"সুমির কাছে ৯০ টাকা আছে। সে ৩০ টাকা দিয়ে একটি বই কিনেছে। বাকি কত টাকা আছে?",subtract,৬০
"১০টি চেয়ার আছে। আরও ৫টি আনা হলো। এখন মোট চেয়ার কতটি?",add,১৫
"৪০ জন শিক্ষার্থী ৫টি সারিতে দাঁড়াল। প্রতিটি সারিতে কতজন দাঁড়াল?",divide,৮
"একজন কৃষক ২৪টি ডিম উৎপাদন করেছে। সে ৬টি ঝুড়িতে ভাগ করল। প্রতিটি ঝুড়িতে কয়টি ডিম?",divide,৪
"মোহনের কাছে ২০টি আম আছে। সে ৫টি খেল এবং ৩টি তার ভাইকে দিল। এখন কতটি বাকি?",multi_step,১২
"৩টি ট্রাকে সমান সংখ্যক ১৮০টি বাক্স বহন করা হলো। প্রতিটি ট্রাকে কতটি বাক্স?",divide,৬০
"শিলা ৫০ টাকা পেয়েছে। সে ২০ টাকা দিয়ে একটি খেলনা কিনেছে এবং পরে আরও ১০ টাকা খরচ করেছে। এখন কত টাকা আছে?",multi_step,২০
"১০টি গাড়ি আছে। প্রতিটি গাড়িতে ৪ জন যাত্রী বসে। মোট কতজন যাত্রী আছে?",multiply,৪০
"২৫টি আপেল থেকে ৭টি নষ্ট হলো। ভালো আপেল কতটি আছে?",subtract,১৮
"৪টি ঝুড়িতে ১২টি করে আম আছে। মোট কতটি আম আছে?",multiply,৪৮
"৫০টি ক্যান্ডি ১০ জন শিশুর মধ্যে ভাগ করা হলো। প্রত্যেকে কয়টি ক্যান্ডি পেল?",divide,৫
"রুবি ৮টি কলম কিনেছে। সে আরও ৬টি কিনল। মোট কতটি কলম আছে?",add,১৪
"৭০ টাকা থেকে ২৫ টাকা খরচ হলো। এখন কত টাকা আছে?",subtract,৪৫
"রাহিম ১২টি আম খেল এবং পরে আরও ৮টি আম খেল। মোট কতটি খেল?",add,২০
"৩২টি আম আছে। ৮ জন বন্ধুর মধ্যে ভাগ করা হলো। প্রত্যেকে কয়টি আম পেল?",divide,৪
"৫টি ব্যাগে ১০টি করে বই আছে। মোট কতটি বই হলো?",multiply,৫০
"রুবির কাছে ৪০ টাকা আছে। সে ১৫ টাকা খরচ করল এবং পরে ৫ টাকা পেল। এখন কত টাকা আছে?",multi_step,৩০
"৮টি মুরগি প্রতিদিন ২টি ডিম দেয়। একদিনে মোট কতটি ডিম হবে?",multiply,১৬
"একটি স্কুলে ১০০ জন ছাত্র আছে। তাদের ২৫ জন করে দলে ভাগ করা হলো। কয়টি দল হলো?",divide,৪
"সুমন ২০ টাকা দিয়ে ৪টি খাতা কিনল। প্রতিটি খাতার দাম কত?",divide,৫
"১০ জন শিক্ষার্থী প্রত্যেকে ৩টি করে বই আনল। মোট কতটি বই হলো?",multiply,৩০
"৪৮টি কমলালেবু ৬ জন শিশুর মধ্যে ভাগ করা হলো। প্রত্যেকে কয়টি পেল?",divide,৮
"মিনা ১৪টি পেন্সিল কিনেছে। সে ৬টি হারিয়েছে। এখন কয়টি আছে?",subtract,৮
"২০টি বেলুন আছে। ১০টি ফেটে গেছে। এখন কতটি আছে?",subtract,১০
"৩ জন বন্ধু ৯০ টাকা সমান ভাগে ভাগ করল। প্রত্যেকে কত পেল?",divide,৩০
"১০টি বাক্সে ১৫টি করে বল আছে। মোট কতটি বল হলো?",multiply,১৫০
"সুমন প্রতিদিন ৫টি করে শব্দ শিখে। ৬ দিনে মোট কতটি শব্দ শিখবে?",multiply,৩০
"৪০টি কলম আছে। তার মধ্যে ১৮টি দেওয়া হলো। এখন কয়টি আছে?",subtract,২২
"একটি ট্রেনে ৫০ জন যাত্রী আছে। আরও ২৫ জন উঠল। এখন মোট যাত্রী কতজন?",add,৭৫
"৬টি টেবিলে প্রতিটিতে ৮টি চেয়ার আছে। মোট কতটি চেয়ার হলো?",multiply,৪৮
"৪২টি বই ৭ জন ছাত্রের মধ্যে ভাগ করা হলো। প্রত্যেকে কয়টি পেল?",divide,৬
"৩৫ টাকা দিয়ে ৭টি আম কেনা হলো। প্রতিটি আমের দাম কত?",divide,৫
"১৫ জন ছাত্র প্রত্যেকে ২টি খাতা আনল। মোট কতটি খাতা হলো?",multiply,৩০
"৬০টি কমলালেবু থেকে ২৫টি খাওয়া হলো। এখন কতটি বাকি?",subtract,৩৫
"৩টি বাসে ৪০ জন করে যাত্রী আছে। মোট কতজন যাত্রী হলো?",multiply,১২০
"১০০ টাকা থেকে ৪০ টাকা খরচ করা হলো। এখন কত টাকা আছে?",subtract,৬০
"৫০টি আপেল ৫ জন শিশুর মধ্যে ভাগ করা হলো। প্রত্যেকে কয়টি পেল?",divide,১০
"একটি স্কুলে ৩০ জন ছেলে এবং ২০ জন মেয়ে আছে। মোট শিক্ষার্থী কতজন?",add,৫০
"৫টি খাতায় প্রতিটিতে ২৫টি করে পৃষ্ঠা আছে। মোট কতটি পৃষ্ঠা হলো?",multiply,১২৫
"৪৮টি আম ৮ জন বন্ধুর মধ্যে ভাগ করা হলো। প্রত্যেকে কয়টি পেল?",divide,৬
"৭টি বাক্সে প্রতিটিতে ১০টি করে বই আছে। মোট কতটি বই হলো?",multiply,৭০
"মিতা ৩৫ টাকা পেল। সে ১৫ টাকা খরচ করল। এখন তার কাছে কত টাকা আছে?",subtract,২০
"৪০টি ডিম আছে। ১২টি বিক্রি হলো। এখন কতটি আছে?",subtract,২৮
"একটি খেলার মাঠে ৫০ জন ছেলে এবং ২৫ জন মেয়ে খেলছে। মোট কতজন খেলছে?",add,৭৫
"৬০টি ক্যান্ডি ১০ জনের মধ্যে ভাগ করা হলো। প্রত্যেকে কয়টি পেল?",divide,৬
"৮টি গাড়িতে ৫ জন করে যাত্রী বসেছে। মোট কতজন যাত্রী হলো?",multiply,৪০
"মিনা ২৫ টাকা দিয়ে ৫টি কলম কিনল। প্রতিটি কলমের দাম কত?",divide,৫
"৩০টি চেয়ার আছে। আরও ১৫টি আনা হলো। এখন মোট কতটি চেয়ার হলো?",add,৪৫
"১০০ টাকা থেকে ২০ টাকা খরচ করা হলো। এখন কত টাকা আছে?",subtract,৮০
"৯ জন শিশু প্রত্যেকে ২টি করে আম পেল। মোট কতটি আম হলো?",multiply,১৮
"৩৬টি বই ৬ জন ছাত্রের মধ্যে ভাগ করা হলো। প্রত্যেকে কয়টি পেল?",divide,৬
"রুবি ৫০ টাকা পেল। সে ২০ টাকা খরচ করল এবং পরে ১০ টাকা পেল। এখন কত টাকা আছে?",multi_step,৪০
"একটি খামারে ১২টি গরু আছে। প্রতিটি গরু দিনে ২ লিটার দুধ দেয়। একদিনে মোট কত লিটার দুধ হবে?",multiply,২৪
"৮টি আপেল থেকে ৩টি খাওয়া হলো। এখন কতটি আছে?",subtract,৫
"১০টি কম্পিউটার আছে। আরও ৫টি আনা হলো। এখন মোট কতটি হলো?",add,১৫
"৫ জন বন্ধু মিলে ২৫০ টাকা সমান ভাগে ভাগ করল। প্রত্যেকে কত টাকা পেল?",divide,৫০
"মিতা ৩০ টাকা দিয়ে ৬টি খাতা কিনল। প্রতিটি খাতার দাম কত?",divide,৫
"১২টি চেয়ার আছে। আরও ৮টি আনা হলো। এখন মোট কতটি চেয়ার হলো?",add,২০
"৩ জন শিক্ষার্থী প্রত্যেকে ৫টি করে খাতা আনল। মোট কতটি হলো?",multiply,১৫
"৫০টি কলা আছে। ১৮টি খাওয়া হলো। এখন কতটি আছে?",subtract,৩২
"৪টি ঝুড়িতে প্রতিটিতে ২৫টি করে আম আছে। মোট কতটি আম হলো?",multiply,১০০
"২৪টি চকোলেট ৮ জন শিশুর মধ্যে ভাগ করা হলো। প্রত্যেকে কয়টি পেল?",divide,৩
"৪৫টি ডিম আছে। ১৫টি বিক্রি হলো। এখন কতটি বাকি?",subtract,৩০
"১০ জন শিক্ষার্থী প্রত্যেকে ৪টি করে বই পড়ল। মোট কতটি বই পড়া হলো?",multiply,৪০
"৩৬টি কমলালেবু ১২ জন শিশুর মধ্যে ভাগ করা হলো। প্রত্যেকে কয়টি পেল?",divide,৩
"৪০টি টাকা থেকে ১২ টাকা খরচ হলো। এখন কত টাকা আছে?",subtract,২৮
"২০টি চেয়ার আছে। আরও ১০টি আনা হলো। এখন মোট কতটি হলো?",add,৩০
"৬ জন বন্ধু প্রত্যেকে ২টি করে চকোলেট খেল। মোট কতটি হলো?",multiply,১২
"৩০০ টাকা ১০ জন ছাত্রের মধ্যে ভাগ করা হলো। প্রত্যেকে কত টাকা পেল?",divide,৩০
"১৫টি আম থেকে ৫টি খাওয়া হলো। এখন কতটি আছে?",subtract,১০
"রাহিম ১২টি কমলালেবু কিনল। পরে আরও ৮টি কিনল। এখন মোট কতটি আছে?",add,২০
"৫টি ঝুড়িতে প্রতিটিতে ২০টি করে আম আছে। মোট কতটি হলো?",multiply,১০০
"৯০টি ক্যান্ডি ৩০ জন শিশুর মধ্যে ভাগ করা হলো। প্রত্যেকে কয়টি পেল?",divide,৩
"৭০ টাকা থেকে ৩৫ টাকা খরচ হলো। এখন কত টাকা আছে?",subtract,৩৫
"৮টি গরু প্রতিদিন ৩ লিটার দুধ দেয়। মোট কত লিটার দুধ হলো?",multiply,২৪
"৬০টি কলম আছে। ১৫টি দেওয়া হলো। এখন কয়টি আছে?",subtract,৪৫
"২০টি আপেল আছে। আরও ৫টি আনা হলো। এখন কতটি হলো?",add,২৫
"৮ জন বন্ধু ৬৪টি আম ভাগ করে নিল। প্রত্যেকে কয়টি পেল?",divide,৮
"১০০ টাকা থেকে ৫০ টাকা খরচ হলো। এখন কত টাকা আছে?",subtract,৫০
"৪টি বাক্সে প্রতিটিতে ৩০টি করে বই আছে। মোট কতটি হলো?",multiply,১২০
"২৫টি চকোলেট থেকে ১০টি খাওয়া হলো। এখন কতটি বাকি?",subtract,১৫
"১২টি চেয়ার আছে। আরও ৬টি আনা হলো। এখন মোট কতটি হলো?",add,১৮
"২০ জন শিক্ষার্থী প্রত্যেকে ৪টি করে খাতা আনল। মোট কতটি হলো?",multiply,৮০
"৮০টি আপেল ২০ জন শিশুর মধ্যে ভাগ করা হলো। প্রত্যেকে কয়টি পেল?",divide,৪
"মিতা ৩০ টাকা পেল। সে ১০ টাকা খরচ করল এবং পরে ৫ টাকা পেল। এখন কত টাকা আছে?",multi_step,২৫
text,label,answer
"২০টি কলম আছে। তার মধ্যে ৮টি দেওয়া হলো। এখন কয়টি আছে?",subtract,১২
"১২টি বই আছে। আরও ৫টি আনা হলো। এখন মোট কয়টি হলো?",add,১৭
"৬ জন শিশু প্রত্যেকে ৪টি করে ক্যান্ডি খেল। মোট কতটি হলো?",multiply,২৪
"৪৮টি কমলালেবু ১২ জন শিশুর মধ্যে ভাগ করা হলো। প্রত্যেকে কয়টি পেল?",divide,৪
"৫০ টাকা থেকে ৩০ টাকা খরচ হলো। এখন কত টাকা আছে?",subtract,২০
"একটি স্কুলে ৬০ জন ছেলে এবং ৪০ জন মেয়ে আছে। মোট কতজন?",add,১০০
"১৫টি কলা আছে। তার মধ্যে ৫টি খাওয়া হলো। এখন কয়টি আছে?",subtract,১০
"১০ জন শিক্ষার্থী প্রত্যেকে ৬টি করে খাতা আনল। মোট কতটি হলো?",multiply,৬০
"৯০টি চকোলেট ৯ জন শিশুর মধ্যে ভাগ করা হলো। প্রত্যেকে কয়টি পেল?",divide,১০
"৪০ টাকা থেকে ১০ টাকা খরচ হলো। এখন কত টাকা আছে?",subtract,৩০
"২৫টি বল আছে। আরও ১৫টি আনা হলো। এখন মোট কয়টি হলো?",add,৪০
"৫টি ব্যাগে প্রতিটিতে ২০টি করে বই আছে। মোট কতটি হলো?",multiply,১০০
"৪৫ জন শিক্ষার্থী ৫টি সারিতে দাঁড়িয়েছে। প্রতিটি সারিতে কয়জন?",divide,৯
"৭৫ টাকা থেকে ২৫ টাকা খরচ হলো। এখন কত টাকা আছে?",subtract,৫০
"৩০ জন ছেলে এবং ২০ জন মেয়ে আছে। মোট কতজন?",add,৫০
"১২টি চেয়ার আছে। ৪টি সরিয়ে নেওয়া হলো। এখন কয়টি আছে?",subtract,৮
"১০ জন বন্ধু প্রত্যেকে ৫টি করে ক্যান্ডি আনল। মোট কতটি হলো?",multiply,৫০
"৬০টি কলম ১২ জন শিক্ষার্থীর মধ্যে ভাগ করা হলো। প্রত্যেকে কয়টি পেল?",divide,৫
"৫০ টাকা থেকে ২০ টাকা খরচ হলো। এখন কত টাকা আছে?",subtract,৩০
"৮০টি আম আছে। আরও ২০টি আনা হলো। এখন মোট কতটি হলো?",add,১০০
"৭টি ঝুড়িতে প্রতিটিতে ১২টি করে কমলালেবু আছে। মোট কতটি হলো?",multiply,৮৪
"৩৬ জন শিক্ষার্থী ৬টি সারিতে দাঁড়িয়েছে। প্রতিটি সারিতে কয়জন?",divide,৬
"৪৫ টাকা থেকে ১৫ টাকা খরচ হলো। এখন কত টাকা আছে?",subtract,৩০
"১০ জন শিক্ষার্থী প্রত্যেকে ৩টি করে বই আনল। মোট কতটি হলো?",multiply,৩০
"২০টি পেন্সিল আছে। তার মধ্যে ৭টি দেওয়া হলো। এখন কয়টি আছে?",subtract,১৩
"৫টি বাক্সে প্রতিটিতে ১৮টি করে বল আছে। মোট কতটি হলো?",multiply,৯০
"৪০টি আপেল ৮ জনের মধ্যে ভাগ করা হলো। প্রত্যেকে কয়টি পেল?",divide,৫
"২৫ টাকা থেকে ৫ টাকা খরচ হলো। এখন কত টাকা আছে?",subtract,২০
"১২টি কমলালেবু আছে। আরও ৮টি আনা হলো। এখন মোট কতটি হলো?",add,২০
"৬ জন শিশু প্রত্যেকে ৭টি করে ক্যান্ডি খেল। মোট কতটি হলো?",multiply,৪২
"৪৮টি বই ৮ জন শিক্ষার্থীর মধ্যে ভাগ করা হলো। প্রত্যেকে কয়টি পেল?",divide,৬
"৩০ টাকা থেকে ১২ টাকা খরচ হলো। এখন কত টাকা আছে?",subtract,১৮
"৪০ জন ছেলে এবং ২০ জন মেয়ে আছে। মোট কতজন?",add,৬০
"৯টি আম আছে। তার মধ্যে ৪টি খাওয়া হলো। এখন কয়টি আছে?",subtract,৫
"১৫ জন শিক্ষার্থী প্রত্যেকে ২টি করে খাতা আনল। মোট কতটি হলো?",multiply,৩০
"৮০টি চকোলেট ১০ জন শিশুর মধ্যে ভাগ করা হলো। প্রত্যেকে কয়টি পেল?",divide,৮
"৫০ টাকা থেকে ১০ টাকা খরচ হলো। এখন কত টাকা আছে?",subtract,৪০
"২০টি চেয়ার আছে। আরও ১৫টি আনা হলো। এখন মোট কতটি হলো?",add,৩৫
"৭টি বাক্সে প্রতিটিতে ১৪টি করে বই আছে। মোট কতটি হলো?",multiply,৯৮
"৬০ জন শিক্ষার্থী ১০টি সারিতে দাঁড়িয়েছে। প্রতিটি সারিতে কয়জন?",divide,৬
"২৫ টাকা থেকে ১০ টাকা খরচ হলো। এখন কত টাকা আছে?",subtract,১৫
"১২ জন শিক্ষার্থী প্রত্যেকে ৩টি করে খাতা আনল। মোট কতটি হলো?",multiply,৩৬
"৩০টি আম আছে। তার মধ্যে ১২টি খাওয়া হলো। এখন কয়টি আছে?",subtract,১৮
"৫০টি কলম ১০ জন শিক্ষার্থীর মধ্যে ভাগ করা হলো। প্রত্যেকে কয়টি পেল?",divide,৫
"৪০ টাকা থেকে ১৫ টাকা খরচ হলো। এখন কত টাকা আছে?",subtract,২৫
"৬টি টেবিলে প্রতিটিতে ১০টি করে চেয়ার আছে। মোট কতটি হলো?",multiply,৬০
"৩০টি বই আছে। আরও ২০টি আনা হলো। এখন মোট কতটি হলো?",add,৫০
"৮০টি আপেল আছে। ৩০টি খাওয়া হলো। এখন কয়টি আছে?",subtract,৫০
"৯ জন বন্ধু প্রত্যেকে ৫টি করে ক্যান্ডি খেল। মোট কতটি হলো?",multiply,৪৫
"২৪টি চকোলেট ৪ জন শিশুর মধ্যে ভাগ করা হলো। প্রত্যেকে কয়টি পেল?",divide,৬
"৪৫ টাকা থেকে ২০ টাকা খরচ হলো। এখন কত টাকা আছে?",subtract,২৫
"১০ জন শিক্ষার্থী প্রত্যেকে ২টি করে বই আনল। মোট কতটি হলো?",multiply,২০
"৫০টি আম আছে। তার মধ্যে ১৫টি দেওয়া হলো। এখন কয়টি আছে?",subtract,৩৫
"৭টি ঝুড়িতে প্রতিটিতে ৮টি করে কলা আছে। মোট কতটি হলো?",multiply,৫৬
"৪২ জন শিক্ষার্থী ৭টি সারিতে দাঁড়িয়েছে। প্রতিটি সারিতে কয়জন?",divide,৬
"৩০ টাকা থেকে ১০ টাকা খরচ হলো। এখন কত টাকা আছে?",subtract,২০
"১২টি চেয়ার আছে। আরও ৮টি আনা হলো। এখন মোট কতটি হলো?",add,২০
"৯ জন বন্ধু প্রত্যেকে ৪টি করে খাতা আনল। মোট কতটি হলো?",multiply,৩৬
"৬০টি ডিম ১২ জনের মধ্যে ভাগ করা হলো। প্রত্যেকে কয়টি পেল?",divide,৫
"৪৫ টাকা থেকে ২৫ টাকা খরচ হলো। এখন কত টাকা আছে?",subtract,২০
"২০টি বই আছে। আরও ১৫টি আনা হলো। এখন মোট কতটি হলো?",add,৩৫
"১০ জন শিক্ষার্থী প্রত্যেকে ৫টি করে খাতা আনল। মোট কতটি হলো?",multiply,৫০
"৮০টি চকোলেট আছে। ৪০টি খাওয়া হলো। এখন কয়টি আছে?",subtract,৪০
"৪০টি কলম ৮ জন শিক্ষার্থীর মধ্যে ভাগ করা হলো। প্রত্যেকে কয়টি পেল?",divide,৫
"৫০ টাকা থেকে ৩০ টাকা খরচ হলো। এখন কত টাকা আছে?",subtract,২০
"৭টি টেবিলে প্রতিটিতে ৬টি করে চেয়ার আছে। মোট কতটি হলো?",multiply,৪২
"১৫টি আম আছে। আরও ১০টি আনা হলো। এখন মোট কতটি হলো?",add,২৫
"২০টি কলম আছে। তার মধ্যে ৬টি দেওয়া হলো। এখন কয়টি আছে?",subtract,১৪
"১২ জন শিক্ষার্থী প্রত্যেকে ৪টি করে খাতা আনল। মোট কতটি হলো?",multiply,৪৮
"৬০টি আপেল ১০ জন শিশুর মধ্যে ভাগ করা হলো। প্রত্যেকে কয়টি পেল?",divide,৬
"৪০ টাকা থেকে ১২ টাকা খরচ হলো। এখন কত টাকা আছে?",subtract,২৮
"২৫টি চেয়ার আছে। আরও ২০টি আনা হলো। এখন মোট কতটি হলো?",add,৪৫
"৯ জন বন্ধু প্রত্যেকে ৩টি করে বই আনল। মোট কতটি হলো?",multiply,২৭
"৩০টি চকোলেট আছে। তার মধ্যে ১২টি খাওয়া হলো। এখন কয়টি আছে?",subtract,১৮
"৮টি ঝুড়িতে প্রতিটিতে ১০টি করে কলা আছে। মোট কতটি হলো?",multiply,৮০
"২৪টি ডিম ৬ জন শিশুর মধ্যে ভাগ করা হলো। প্রত্যেকে কয়টি পেল?",divide,৪
"৫০ টাকা থেকে ২০ টাকা খরচ হলো। এখন কত টাকা আছে?",subtract,৩০
"১০ জন শিক্ষার্থী প্রত্যেকে ৭টি করে খাতা আনল। মোট কতটি হলো?",multiply,৭০
"২০টি কমলালেবু আছে। আরও ১৫টি আনা হলো। এখন মোট কতটি হলো?",add,৩৫
"৮০টি আম আছে। ২৫টি খাওয়া হলো। এখন কয়টি আছে?",subtract,৫৫
"১২ জন শিক্ষার্থী প্রত্যেকে ৫টি করে বই আনল। মোট কতটি হলো?",multiply,৬০
"৭২টি চকোলেট ১২ জন শিশুর মধ্যে ভাগ করা হলো। প্রত্যেকে কয়টি পেল?",divide,৬
"৪৫ টাকা থেকে ১০ টাকা খরচ হলো। এখন কত টাকা আছে?",subtract,৩৫
"৩০টি চেয়ার আছে। আরও ১০টি আনা হলো। এখন মোট কতটি হলো?",add,৪০
"৯ জন বন্ধু প্রত্যেকে ৬টি করে ক্যান্ডি খেল। মোট কতটি হলো?",multiply,৫৪
"৬০টি ডিম ১০ জনের মধ্যে ভাগ করা হলো। প্রত্যেকে কয়টি পেল?",divide,৬
"২০ টাকা থেকে ৮ টাকা খরচ হলো। এখন কত টাকা আছে?",subtract,১২
"৪টি ঝুড়িতে প্রতিটিতে ১৫টি করে কমলালেবু আছে। মোট কতটি হলো?",multiply,৬০
"৫০টি কলম আছে। ১০টি দেওয়া হলো। এখন কয়টি আছে?",subtract,৪০
"১২টি বই আছে। আরও ১৮টি আনা হলো। এখন মোট কতটি হলো?",add,৩০
"১০ জন শিক্ষার্থী প্রত্যেকে ৮টি করে খাতা আনল। মোট কতটি হলো?",multiply,৮০
"৪০টি চকোলেট ৫ জন শিশুর মধ্যে ভাগ করা হলো। প্রত্যেকে কয়টি পেল?",divide,৮
text,label,answer
"রাহিমের কাছে ৫০ টাকা আছে। সে ৩০ টাকা খরচ করল। এখন তার কাছে কত টাকা আছে?",subtract,২০
"একটি ঝুড়িতে ১৮টি আম আছে। ২টি ঝুড়িতে মোট কতটি আম?",multiply,৩৬
"৪০টি কলম ৮ জন ছাত্রের মধ্যে সমান ভাগে দেওয়া হলো। প্রত্যেকে কয়টি পেল?",divide,৫
"সোহেল ২৫ টাকা দিয়ে একটি কলম কিনল। তার কাছে ৭৫ টাকা ছিল। এখন কত টাকা আছে?",subtract,৫০
"১০টি গাছে ১২টি করে আম আছে। মোট কতটি আম?",multiply,১২০
"একটি দোকানে ৯০টি চকলেট আছে। তার মধ্যে ৩০টি বিক্রি হলো। বাকি কতটি আছে?",subtract,৬০
"রুবি ৫টি খাতা কিনল। প্রতিটি খাতার দাম ১০ টাকা। মোট কত টাকা লাগল?",multiply,৫০
"১৫০ টাকা থেকে ৭৫ টাকা খরচ হলো। এখন কত টাকা আছে?",subtract,৭৫
"একজন শিক্ষক ২০ জন ছাত্রকে ৪টি দলে ভাগ করলেন। প্রতিটি দলে কয়জন?",divide,৫
"রাহিম ৭টি বই কিনল। পরে আরও ৩টি কিনল। মোট কতটি বই কিনল?",add,১০
"৪৮টি ক্যান্ডি ১২ জনের মধ্যে সমান ভাগে দেওয়া হলো। প্রত্যেকে কয়টি পেল?",divide,৪
"মিতা ৪০ টাকা দিয়ে ২টি খেলনা কিনেছে। প্রতিটি খেলনার দাম কত?",divide,২০
"একটি ট্রেনে ২৫ জন যাত্রী উঠল। পরে আরও ১৫ জন উঠল। মোট কতজন উঠল?",add,৪০
"১০০ টাকা থেকে ২০ টাকা খরচ করল এবং পরে আরও ৩০ টাকা খরচ করল। বাকি কত টাকা?",multi_step,৫০
"একটি বাক্সে ২৫টি পেন্সিল আছে। ৪টি বাক্সে মোট কতটি পেন্সিল?",multiply,১০০
"রাহিমের কাছে ৯টি আম আছে। সে ৪টি খেল। এখন কতটি আছে?",subtract,৫
"৪৫টি বই ৯ জন ছাত্রের মধ্যে ভাগ হলো। প্রত্যেকে কয়টি বই পেল?",divide,৫
"সুমন ৫ কিমি হাঁটে প্রতিদিন। ১০ দিনে মোট কত কিমি হাঁটবে?",multiply,৫০
"একটি দোকানে ২০০ টাকা ছিল। ৫০ টাকা খরচ হলো। এখন কত টাকা আছে?",subtract,১৫০
"রুবি ১২টি কমলালেবু কিনেছে। সে ৬টি খেয়েছে। এখন কতটি আছে?",subtract,৬
"৮০টি কলা ১০ জন বাচ্চার মধ্যে ভাগ করা হলো। প্রত্যেকে কয়টি পেল?",divide,৮
"তানিয়ার কাছে ৯০ টাকা আছে। সে ৪৫ টাকা খরচ করল। এখন কত টাকা আছে?",subtract,৪৫
"১৫টি কলমের দাম ৭৫ টাকা। প্রতিটি কলমের দাম কত?",divide,৫
"একটি গাড়িতে ২৫ জন যাত্রী আছে। ৩টি গাড়িতে মোট কতজন যাত্রী?",multiply,৭৫
"রুবেল ৫টি বই কিনল। প্রতিটি বইয়ের দাম ৩০ টাকা। মোট কত টাকা লাগল?",multiply,১৫০
"২০টি চেয়ার আছে। আরও ১৫টি আনা হলো। এখন কতটি চেয়ার?",add,৩৫
"একটি দোকানে ৩০টি খেলনা আছে। ১২টি বিক্রি হলো। এখন কতটি বাকি?",subtract,১৮
"৪০টি কমলালেবু ৫ জন বন্ধুর মধ্যে ভাগ হলো। প্রত্যেকে কয়টি পেল?",divide,৮
"৫০ টাকা থেকে ২৫ টাকা খরচ হলো। এখন কত টাকা আছে?",subtract,২৫
"একজন কৃষক প্রতিদিন ১২টি ডিম পায়। ৭ দিনে মোট কতটি ডিম হবে?",multiply,৮৪
"রাহিমের কাছে ১০ টাকা আছে। শিলা তাকে আরও ২০ টাকা দিল। এখন কত টাকা আছে?",add,৩০
"৬০টি পেন্সিল ১২ জন ছাত্রের মধ্যে ভাগ হলো। প্রত্যেকে কয়টি পেল?",divide,৫
"৭০ টাকা থেকে ৫০ টাকা খরচ হলো। এখন কত টাকা আছে?",subtract,২০
"একটি বাক্সে ৮টি বল আছে। ৭টি বাক্সে মোট কতটি বল?",multiply,৫৬
"একজন ছাত্র প্রতিদিন ৩ ঘণ্টা পড়ে। ৩০ দিনে মোট কত ঘণ্টা পড়বে?",multiply,৯০
"২৫টি আপেল থেকে ৫টি খাওয়া হলো। এখন কতটি আছে?",subtract,২০
"৪০০ টাকা থেকে ২০০ টাকা খরচ হলো। এখন কত টাকা আছে?",subtract,২০০
"১২টি আম ৩ জনের মধ্যে সমান ভাগ হলো। প্রত্যেকে কয়টি পেল?",divide,৪
"রুবি ৬০ টাকা দিয়ে ৩টি বই কিনল। প্রতিটি বইয়ের দাম কত?",divide,২০
"মিতা ৯টি কমলালেবু খেল। পরে আরও ৬টি খেল। মোট কতটি খেল?",add,১৫
"একটি দোকানে ১০০টি পেন্সিল আছে। তার মধ্যে ২৫টি বিক্রি হলো। এখন কতটি আছে?",subtract,৭৫
"১৫ জন ছাত্র ৩টি দলে ভাগ হলো। প্রতিটি দলে কয়জন?",divide,৫
"একটি ঝুড়িতে ১৪টি আম আছে। ৬টি ঝুড়িতে মোট কতটি আম?",multiply,৮৪
"রাহিমের কাছে ৮০ টাকা ছিল। সে ২০ টাকা খরচ করল এবং ১০ টাকা পেল। এখন কত টাকা আছে?",multi_step,৭০
"১০টি বই আছে। আরও ২০টি কিনা হলো। এখন কতটি বই?",add,৩০
"৭২টি ক্যান্ডি ৮ জনের মধ্যে ভাগ হলো। প্রত্যেকে কয়টি পেল?",divide,৯
"একজন কৃষক প্রতিদিন ৫ লিটার দুধ বিক্রি করে। ১২ দিনে মোট কত লিটার বিক্রি হবে?",multiply,৬০
"৫০টি আমের মধ্যে ২০টি খাওয়া হলো। এখন কতটি আছে?",subtract,৩০
"একটি ক্লাসে ৩০ জন ছাত্র আছে। তাদের মধ্যে ১৫ জন মেয়েশিক্ষার্থী। ছেলেশিক্ষার্থী কতজন?",subtract,১৫
"একটি কলমের দাম ১০ টাকা। ৯টি কলমের দাম কত?",multiply,৯০
"২০ টাকা থেকে ১০ টাকা খরচ হলো। এখন কত টাকা আছে?",subtract,১০
"মিতা প্রতিদিন ২ ঘণ্টা গান শেখে। ১৫ দিনে মোট কত ঘণ্টা শিখবে?",multiply,৩০
"রুবি ১২টি আপেল কিনল। পরে আরও ৮টি কিনল। মোট কতটি?",add,২০
"একটি দোকানে ৫০টি কমলালেবু আছে। ৩০টি বিক্রি হলো। এখন কতটি আছে?",subtract,২০
"৮ জন ছাত্র ৬৪টি ক্যান্ডি ভাগ করল। প্রত্যেকে কয়টি পেল?",divide,৮
"একজন শ্রমিক প্রতিদিন ৫০০ টাকা পায়। ১০ দিনে মোট কত টাকা পাবে?",multiply,৫০০০
"একটি ঝুড়িতে ২০টি কলা আছে। ১০টি ঝুড়িতে মোট কতটি কলা?",multiply,২০০
"৪০ টাকা থেকে ২০ টাকা খরচ হলো। এখন কত টাকা আছে?",subtract,২০
"রাহিম ৬০ টাকা দিয়ে ৩টি খেলনা কিনল। প্রতিটির দাম কত?",divide,২০
"সুমন প্রতিদিন ৩ কিমি দৌড়ায়। ২০ দিনে মোট কত কিমি দৌড়াবে?",multiply,৬০
"২৫০ টাকা থেকে ১০০ টাকা খরচ হলো। এখন কত টাকা আছে?",subtract,১৫০
"৫টি ঝুড়িতে প্রতিটিতে ৮টি আপেল আছে। মোট কতটি আপেল?",multiply,৪০
"রুবি ১২টি ক্যান্ডি খেল। পরে আরও ৮টি খেল। মোট কতটি খেল?",add,২০
"৮০টি বই ৮ জনের মধ্যে ভাগ হলো। প্রত্যেকে কয়টি বই পেল?",divide,১০
"১৫০ টাকা থেকে ৫০ টাকা খরচ হলো। এখন কত টাকা আছে?",subtract,১০০
"একটি স্কুলে ২৪০ জন ছাত্র আছে। তাদেরকে ১২টি ক্লাসে ভাগ করা হলো। প্রতিটি ক্লাসে কয়জন?",divide,২০
"একটি বাসে ৪০ জন যাত্রী উঠল। পরে আরও ২০ জন উঠল। মোট কতজন উঠল?",add,৬০
"মিতা ১২টি পেন্সিল কিনল। তার ভাইকে ৪টি দিল। এখন কতটি আছে?",subtract,৮
"৩০০ টাকা থেকে ২০০ টাকা খরচ হলো। এখন কত টাকা আছে?",subtract,১০০
"একটি বাক্সে ৫০টি চকলেট আছে। ৫টি বাক্সে মোট কতটি চকলেট?",multiply,২৫০
"১০০ টাকা থেকে ২৫ টাকা খরচ হলো। এখন কত টাকা আছে?",subtract,৭৫
"৮টি খাতার দাম ৮০ টাকা। প্রতিটির দাম কত?",divide,১০
"একটি দোকানে ১৮০টি পেন্সিল আছে। তার মধ্যে ৬০টি বিক্রি হলো। এখন কতটি বাকি?",subtract,১২০
"১০০০ টাকা থেকে ৫০০ টাকা খরচ হলো। এখন কত টাকা আছে?",subtract,৫০০
"রাহিম ২০টি কলম কিনল। পরে ১০টি তার ভাইকে দিল। এখন কতটি আছে?",subtract,১০
"একজন ছাত্র প্রতিদিন ৪ ঘণ্টা পড়ে। ৫ দিনে মোট কত ঘণ্টা পড়বে?",multiply,২০
"৬০০ টাকা থেকে ৪০০ টাকা খরচ হলো। এখন কত টাকা আছে?",subtract,২০০
"একটি ক্লাসে ৫০ জন ছাত্র আছে। তাদের মধ্যে ৩০ জন ছেলে। মেয়েশিক্ষার্থী কয়জন?",subtract,২০
"৫টি ঝুড়িতে প্রতিটিতে ৬টি করে কমলালেবু আছে। মোট কতটি?",multiply,৩০
"২০০ টাকা থেকে ৮০ টাকা খরচ হলো। এখন কত টাকা আছে?",subtract,১২০
"রুবি ৫টি বই কিনল। পরে আরও ৭টি কিনল। মোট কতটি?",add,১২
"একজন কৃষক প্রতিদিন ১০টি ডিম পায়। ১৫ দিনে মোট কতটি ডিম হবে?",multiply,১৫০
"৯০টি ক্যান্ডি ৯ জন ছাত্রের মধ্যে ভাগ হলো। প্রত্যেকে কয়টি পেল?",divide,১০
"রাহিম ৫০ টাকা দিয়ে ৫টি কলম কিনল। প্রতিটির দাম কত?",divide,১০
"একটি দোকানে ২৫০টি আপেল আছে। ৫০টি বিক্রি হলো। এখন কতটি আছে?",subtract,২০০
"৪০০ টাকা থেকে ২৫০ টাকা খরচ হলো। এখন কত টাকা আছে?",subtract,১৫০
"মিতা ৩০টি আম কিনল। তার বোনকে ১০টি দিল। এখন কতটি আছে?",subtract,২০
"৬০টি বই ১২ জন ছাত্রের মধ্যে ভাগ হলো। প্রত্যেকে কয়টি পেল?",divide,৫
"একজন কর্মচারী প্রতিদিন ৪০০ টাকা পান। ২৫ দিনে মোট কত টাকা পাবেন?",multiply,১০০০০
"রাহিম প্রতিদিন ৮ কিমি দৌড়ায়। ১০ দিনে মোট কত কিমি দৌড়াবে?",multiply,৮০
"২০ জন ছাত্র একটি হলে বসে আছে। আরও ১৫ জন এল। মোট কতজন হলো?",add,৩৫
"১০০ টাকা থেকে ৬০ টাকা খরচ হলো। এখন কত টাকা আছে?",subtract,৪০
"একজন কৃষক প্রতিদিন ১২ লিটার দুধ বিক্রি করে। ১৫ দিনে মোট কত লিটার?",multiply,১৮০
"৫০টি কমলালেবু থেকে ৩০টি বিক্রি হলো। এখন কতটি আছে?",subtract,২০
"একটি স্কুলে ১০০ জন ছাত্র আছে। ৪টি দলে ভাগ হলো। প্রতিটি দলে কয়জন?",divide,২৫
"একটি বইয়ের দাম ৩০ টাকা। ৭টি বইয়ের দাম কত?",multiply,২১০
"১৫টি আম থেকে ৫টি খাওয়া হলো। এখন কতটি আছে?",subtract,১০
"১০০ টাকা থেকে ১০০ টাকা খরচ হলো। এখন কত টাকা আছে?",subtract,০
"রাহিম ৬০ টাকা দিয়ে ২টি বই কিনল। প্রতিটির দাম কত?",divide,৩০
"একজন ছাত্র প্রতিদিন ৩ কিমি হাঁটে। ১৫ দিনে মোট কত কিমি হাঁটবে?",multiply,৪৫
"একটি ক্লাসে ২৫ জন ছাত্র আছে। তাদের মধ্যে ৫ জন অনুপস্থিত। উপস্থিত কতজন?",subtract,২০
"৪০০ টাকা থেকে ৩৫০ টাকা খরচ হলো। এখন কত টাকা আছে?",subtract,৫০
text,label,answer
"৫০টি বই আছে। এর মধ্যে ২০টি বিক্রি হলো। এখন কতটি বই আছে?",subtract,৩০
"একটি বাক্সে ১৫টি আম আছে। ৫টি বাক্সে মোট কতটি আম?",multiply,৭৫
"৮০টি ক্যান্ডি ১০ জন শিশুর মধ্যে ভাগ করা হলো। প্রত্যেকে কয়টি পেল?",divide,৮
"রুবি ৩০ টাকা দিয়ে ৩টি পেন্সিল কিনল। প্রতিটির দাম কত?",divide,১০
"মিতা ১২টি আম খেল। পরে আরও ৮টি খেল। মোট কতটি আম খেল?",add,২০
"২০০ টাকা থেকে ৫০ টাকা খরচ হলো। এখন কত টাকা আছে?",subtract,১৫০
"একজন কৃষক প্রতিদিন ২০টি ডিম পায়। ৬ দিনে মোট কতটি ডিম পাবে?",multiply,১২০
"২৫০ টাকা থেকে ১৫০ টাকা খরচ হলো। এখন কত টাকা আছে?",subtract,১০০
"একটি ক্লাসে ৪০ জন ছাত্র আছে। তাদেরকে ৫টি দলে ভাগ করা হলো। প্রতিটি দলে কয়জন?",divide,৮
"রাহিমের কাছে ১০ টাকা ছিল। সে আরও ১৫ টাকা পেল। এখন কত টাকা আছে?",add,২৫
"৯০টি কলা থেকে ৩০টি খাওয়া হলো। এখন কতটি আছে?",subtract,৬০
"একটি বাসে ৫০ জন যাত্রী উঠল। পরে আরও ২০ জন উঠল। মোট কতজন হলো?",add,৭০
"১০০ টাকা থেকে ৪০ টাকা খরচ হলো। এখন কত টাকা আছে?",subtract,৬০
"৫টি ঝুড়িতে প্রতিটিতে ৭টি করে আম আছে। মোট কতটি আম?",multiply,৩৫
"রুবেল ৪০ টাকা দিয়ে ২টি বই কিনল। প্রতিটি বইয়ের দাম কত?",divide,২০
"একটি দোকানে ২০০টি পেন্সিল আছে। তার মধ্যে ৮০টি বিক্রি হলো। এখন কতটি আছে?",subtract,১২০
"মিতা প্রতিদিন ৫ কিমি দৌড়ায়। ১০ দিনে মোট কত কিমি দৌড়াবে?",multiply,৫০
"২৫ জন ছাত্র ৫টি দলে ভাগ হলো। প্রতিটি দলে কয়জন?",divide,৫
"৫০টি আমের মধ্যে ১০টি নষ্ট হলো। ভালো আম কয়টি?",subtract,৪০
"রুবি ৮০ টাকা দিয়ে ৪টি খাতা কিনল। প্রতিটি খাতার দাম কত?",divide,২০
"একটি গাছে ৩০টি কমলালেবু আছে। ১২টি পড়ল। গাছে কতটি আছে?",subtract,১৮
"১০০০ টাকা থেকে ৪০০ টাকা খরচ হলো। এখন কত টাকা আছে?",subtract,৬০০
"একটি বাক্সে ২৫টি চকলেট আছে। ৮টি বাক্সে মোট কতটি?",multiply,২০০
"রুবি ২০টি পেন্সিল কিনল। পরে আরও ১০টি কিনল। মোট কতটি?",add,৩০
"একজন কৃষক প্রতিদিন ১০ লিটার দুধ বিক্রি করে। ২০ দিনে মোট কত লিটার বিক্রি হবে?",multiply,২০০
"৮০ টাকা থেকে ২৫ টাকা খরচ হলো। এখন কত টাকা আছে?",subtract,৫৫
"একটি স্কুলে ৬০ জন ছাত্র আছে। তাদেরকে ৩টি দলে ভাগ করা হলো। প্রতিটি দলে কয়জন?",divide,২০
"রাহিম ৩০টি আম কিনল। সে ১৫টি খেল। এখন কতটি আছে?",subtract,১৫
"মিতা ৫০ টাকা দিয়ে ৫টি কলম কিনল। প্রতিটির দাম কত?",divide,১০
"৪০টি ক্যান্ডি থেকে ১২টি খাওয়া হলো। এখন কতটি আছে?",subtract,২৮
"১০টি বই আছে। আরও ৫টি কিনা হলো। মোট কতটি হলো?",add,১৫
"একটি দোকানে ৭০টি আপেল আছে। ২০টি বিক্রি হলো। এখন কতটি আছে?",subtract,৫০
"একজন ছাত্র প্রতিদিন ২ ঘণ্টা পড়ে। ৩০ দিনে মোট কত ঘণ্টা পড়বে?",multiply,৬০
"৫০টি আম ৫ জনের মধ্যে ভাগ হলো। প্রত্যেকে কয়টি পেল?",divide,১০
"৪০০ টাকা থেকে ২০০ টাকা খরচ হলো। এখন কত টাকা আছে?",subtract,২০০
"একটি বাক্সে ১২টি পেন্সিল আছে। ১০টি বাক্সে মোট কতটি?",multiply,১২০
"রুবি ৯০ টাকা দিয়ে ৩টি বই কিনল। প্রতিটির দাম কত?",divide,৩০
"২০ জন ছাত্র একটি হলে বসে আছে। পরে আরও ১০ জন এল। মোট কতজন হলো?",add,৩০
"একটি দোকানে ৩০টি খেলনা আছে। ১৮টি বিক্রি হলো। বাকি কতটি আছে?",subtract,১২
"১৫০ টাকা থেকে ৫০ টাকা খরচ হলো। এখন কত টাকা আছে?",subtract,১০০
"মিতা প্রতিদিন ৩ কিমি হাঁটে। ১৫ দিনে মোট কত কিমি হাঁটবে?",multiply,৪৫
"১০০ টাকা থেকে ৭৫ টাকা খরচ হলো। এখন কত টাকা আছে?",subtract,২৫
"একজন কৃষক প্রতিদিন ২৫টি ডিম পায়। ৪ দিনে মোট কতটি ডিম?",multiply,১০০
"৫০০ টাকা থেকে ৩০০ টাকা খরচ হলো। এখন কত টাকা আছে?",subtract,২০০
"একটি ক্লাসে ৪৮ জন ছাত্র আছে। তাদেরকে ৬টি দলে ভাগ হলো। প্রতিটি দলে কয়জন?",divide,৮
"রুবেল ৬০ টাকা দিয়ে ৬টি কলম কিনল। প্রতিটির দাম কত?",divide,১০
"একটি ঝুড়িতে ১৬টি আম আছে। ৪টি ঝুড়িতে মোট কতটি?",multiply,৬৪
"৩০০ টাকা থেকে ২৫০ টাকা খরচ হলো। এখন কত টাকা আছে?",subtract,৫০
"মিতা ১০টি কমলালেবু কিনল। পরে আরও ৫টি কিনল। মোট কতটি হলো?",add,১৫
"একটি দোকানে ২০০টি ক্যান্ডি আছে। তার মধ্যে ৫০টি বিক্রি হলো। এখন কতটি আছে?",subtract,১৫০
"৭২টি ক্যান্ডি ৯ জন ছাত্রের মধ্যে ভাগ হলো। প্রত্যেকে কয়টি পেল?",divide,৮
"রুবি ১৫০ টাকা দিয়ে ৫টি খাতা কিনল। প্রতিটির দাম কত?",divide,৩০
"একটি ক্লাসে ৩০ জন ছাত্র আছে। তাদের মধ্যে ১০ জন অনুপস্থিত। উপস্থিত কতজন?",subtract,২০
"৮০ টাকা থেকে ৩০ টাকা খরচ হলো। এখন কত টাকা আছে?",subtract,৫০
"একটি বইয়ের দাম ২৫ টাকা। ১২টি বইয়ের দাম কত?",multiply,৩০০
"রাহিম প্রতিদিন ৪ কিমি দৌড়ায়। ২০ দিনে মোট কত কিমি দৌড়াবে?",multiply,৮০
"একটি ঝুড়িতে ৯টি কমলালেবু আছে। ৭টি ঝুড়িতে মোট কতটি?",multiply,৬৩
"৫০ টাকা থেকে ১০ টাকা খরচ হলো। এখন কত টাকা আছে?",subtract,৪০
"১২টি আম ৪ জনের মধ্যে ভাগ হলো। প্রত্যেকে কয়টি পেল?",divide,৩
"একটি দোকানে ৯০টি খেলনা আছে। ৩০টি বিক্রি হলো। এখন কতটি আছে?",subtract,৬০
"মিতা ২০ টাকা দিয়ে ২টি কলম কিনল। প্রতিটির দাম কত?",divide,১০
"৭৫টি কলা থেকে ২৫টি খাওয়া হলো। এখন কতটি আছে?",subtract,৫০
"একজন কৃষক প্রতিদিন ১৮টি ডিম পায়। ৫ দিনে মোট কতটি ডিম?",multiply,৯০
"একটি স্কুলে ২৪০ জন ছাত্র আছে। ১২টি ক্লাসে ভাগ হলো। প্রতিটি ক্লাসে কয়জন?",divide,২০
"৩০ টাকা থেকে ১৫ টাকা খরচ হলো। এখন কত টাকা আছে?",subtract,১৫
"রুবি ৪টি বই কিনল। পরে আরও ৬টি কিনল। মোট কতটি হলো?",add,১০
"একটি বাক্সে ২০টি পেন্সিল আছে। ৬টি বাক্সে মোট কতটি?",multiply,১২০
"১০০ টাকা থেকে ২০ টাকা খরচ হলো। এখন কত টাকা আছে?",subtract,৮০
"একজন ছাত্র প্রতিদিন ৫ ঘণ্টা পড়ে। ৬ দিনে মোট কত ঘণ্টা পড়বে?",multiply,৩০
"একটি দোকানে ৪০০টি আপেল আছে। ১০০টি বিক্রি হলো। এখন কতটি আছে?",subtract,৩০০
"২৫টি চকলেট থেকে ৫টি খাওয়া হলো। এখন কতটি আছে?",subtract,২০
"৫০টি বই ১০ জন ছাত্রের মধ্যে ভাগ হলো। প্রত্যেকে কয়টি পেল?",divide,৫
"একটি খাতার দাম ১৫ টাকা। ১০টি খাতার দাম কত?",multiply,১৫০
"৬০০ টাকা থেকে ৪০০ টাকা খরচ হলো। এখন কত টাকা আছে?",subtract,২০০
"একটি ঝুড়িতে ১০টি আম আছে। ৯টি ঝুড়িতে মোট কতটি?",multiply,৯০
"২০টি বই থেকে ৮টি দেওয়া হলো। এখন কতটি আছে?",subtract,১২
"একটি স্কুলে ৫০০ জন ছাত্র আছে। তাদেরকে ২৫টি ক্লাসে ভাগ হলো। প্রতিটি ক্লাসে কয়জন?",divide,২০
"রুবি প্রতিদিন ২ ঘণ্টা গান শেখে। ৩০ দিনে মোট কত ঘণ্টা শিখবে?",multiply,৬০
"৪৮০ টাকা থেকে ১৮০ টাকা খরচ হলো। এখন কত টাকা আছে?",subtract,৩০০
"একটি বাক্সে ৩৬টি আপেল আছে। ৩টি বাক্সে মোট কতটি?",multiply,১০৮
"৬০ টাকা থেকে ৪০ টাকা খরচ হলো। এখন কত টাকা আছে?",subtract,২০
"একজন কৃষক প্রতিদিন ১২ লিটার দুধ বিক্রি করে। ১০ দিনে মোট কত লিটার বিক্রি হবে?",multiply,১২০
"৭০০ টাকা থেকে ৩০০ টাকা খরচ হলো। এখন কত টাকা আছে?",subtract,৪০০
"একটি ক্লাসে ৯০ জন ছাত্র আছে। তাদেরকে ৯টি দলে ভাগ হলো। প্রতিটি দলে কয়জন?",divide,১০
"৪০০ টাকা থেকে ৩৫০ টাকা খরচ হলো। এখন কত টাকা আছে?",subtract,৫০
"একজন ছাত্র প্রতিদিন ৬ কিমি হাঁটে। ১৫ দিনে মোট কত কিমি হাঁটবে?",multiply,৯০
"একটি দোকানে ১২০টি কলম আছে। ২০টি বিক্রি হলো। এখন কতটি আছে?",subtract,১০০
"১৫০ টাকা থেকে ৭৫ টাকা খরচ হলো। এখন কত টাকা আছে?",subtract,৭৫
"১০টি ঝুড়িতে প্রতিটিতে ১১টি করে আপেল আছে। মোট কতটি?",multiply,১১০
"২৫টি আম থেকে ৫টি দেওয়া হলো। এখন কতটি আছে?",subtract,২০
"একটি বইয়ের দাম ৪০ টাকা। ৫টি বইয়ের দাম কত?",multiply,২০০
"১০০ টাকা থেকে ৯০ টাকা খরচ হলো। এখন কত টাকা আছে?",subtract,১০
"৮ জন ছাত্র ৪০টি ক্যান্ডি ভাগ করল। প্রত্যেকে কয়টি পেল?",divide,৫
text,label,answer
"৫০ টাকা থেকে ২০ টাকা খরচ হলো। এখন কত টাকা আছে?",subtract,৩০
"একটি ঝুড়িতে ১২টি আম আছে। ৫টি ঝুড়িতে মোট কতটি আম?",multiply,৬০
"৮০টি ক্যান্ডি ৮ জন শিশুর মধ্যে ভাগ করা হলো। প্রত্যেকে কয়টি পেল?",divide,১০
"রুবি ৩০ টাকা দিয়ে ৩টি খাতা কিনল। প্রতিটি খাতার দাম কত?",divide,১০
"মিতা ১০টি আম খেল। পরে আরও ৫টি খেল। মোট কতটি খেল?",add,১৫
"২০০ টাকা থেকে ৭৫ টাকা খরচ হলো। এখন কত টাকা আছে?",subtract,১২৫
"একজন কৃষক প্রতিদিন ১৫টি ডিম পায়। ৭ দিনে মোট কতটি ডিম পাবে?",multiply,১০৫
"২৫০ টাকা থেকে ১০০ টাকা খরচ হলো। এখন কত টাকা আছে?",subtract,১৫০
"একটি ক্লাসে ৪০ জন ছাত্র আছে। তাদেরকে ৮টি দলে ভাগ করা হলো। প্রতিটি দলে কয়জন?",divide,৫
"রাহিমের কাছে ১৫ টাকা ছিল। সে আরও ২০ টাকা পেল। এখন কত টাকা আছে?",add,৩৫
"৯০টি কলা থেকে ৩০টি খাওয়া হলো। এখন কতটি আছে?",subtract,৬০
"একটি বাসে ৪০ জন যাত্রী উঠল। পরে আরও ৩০ জন উঠল। মোট কতজন হলো?",add,৭০
"১০০ টাকা থেকে ৫০ টাকা খরচ হলো। এখন কত টাকা আছে?",subtract,৫০
"৫টি ঝুড়িতে প্রতিটিতে ৯টি করে আম আছে। মোট কতটি আম?",multiply,৪৫
"রুবেল ৫০ টাকা দিয়ে ৫টি বই কিনল। প্রতিটির দাম কত?",divide,১০
"একটি দোকানে ২৫০টি পেন্সিল আছে। তার মধ্যে ১০০টি বিক্রি হলো। এখন কতটি আছে?",subtract,১৫০
"মিতা প্রতিদিন ৬ কিমি দৌড়ায়। ১০ দিনে মোট কত কিমি দৌড়াবে?",multiply,৬০
"২০ জন ছাত্র ৫টি দলে ভাগ হলো। প্রতিটি দলে কয়জন?",divide,৪
"৫০টি আপেল থেকে ১৫টি নষ্ট হলো। ভালো আপেল কয়টি?",subtract,৩৫
"রুবি ৯০ টাকা দিয়ে ৩টি খাতা কিনল। প্রতিটির দাম কত?",divide,৩০
"একটি গাছে ২৫টি কমলালেবু আছে। ১২টি পড়ল। এখন কতটি আছে?",subtract,১৩
"১০০০ টাকা থেকে ৩০০ টাকা খরচ হলো। এখন কত টাকা আছে?",subtract,৭০০
"একটি বাক্সে ২০টি চকলেট আছে। ৫টি বাক্সে মোট কতটি?",multiply,১০০
"রুবি ৩০টি পেন্সিল কিনল। পরে আরও ২০টি কিনল। মোট কতটি?",add,৫০
"একজন কৃষক প্রতিদিন ৮ লিটার দুধ বিক্রি করে। ২০ দিনে মোট কত লিটার বিক্রি হবে?",multiply,১৬০
"৮০ টাকা থেকে ২৫ টাকা খরচ হলো। এখন কত টাকা আছে?",subtract,৫৫
"একটি স্কুলে ৬০ জন ছাত্র আছে। তাদেরকে ৪টি দলে ভাগ করা হলো। প্রতিটি দলে কয়জন?",divide,১৫
"রাহিম ২০টি আম কিনল। সে ১২টি খেল। এখন কতটি আছে?",subtract,৮
"মিতা ৫০ টাকা দিয়ে ৫টি কলম কিনল। প্রতিটির দাম কত?",divide,১০
"৪০টি ক্যান্ডি থেকে ১০টি খাওয়া হলো। এখন কতটি আছে?",subtract,৩০
"১০টি বই আছে। আরও ৭টি কিনা হলো। মোট কতটি হলো?",add,১৭
"একটি দোকানে ৮০টি আপেল আছে। ৩০টি বিক্রি হলো। এখন কতটি আছে?",subtract,৫০
"একজন ছাত্র প্রতিদিন ২ ঘণ্টা পড়ে। ৩০ দিনে মোট কত ঘণ্টা পড়বে?",multiply,৬০
"৫০টি আম ৫ জনের মধ্যে ভাগ হলো। প্রত্যেকে কয়টি পেল?",divide,১০
"৪০০ টাকা থেকে ২৫০ টাকা খরচ হলো। এখন কত টাকা আছে?",subtract,১৫০
"একটি বাক্সে ১২টি পেন্সিল আছে। ১০টি বাক্সে মোট কতটি?",multiply,১২০
"রুবি ৬০ টাকা দিয়ে ৪টি বই কিনল। প্রতিটির দাম কত?",divide,১৫
"২০ জন ছাত্র একটি হলে বসে আছে। পরে আরও ১০ জন এল। মোট কতজন হলো?",add,৩০
"একটি দোকানে ২৫টি খেলনা আছে। ১২টি বিক্রি হলো। বাকি কতটি আছে?",subtract,১৩
"১৫০ টাকা থেকে ৭৫ টাকা খরচ হলো। এখন কত টাকা আছে?",subtract,৭৫
"মিতা প্রতিদিন ৩ কিমি হাঁটে। ২০ দিনে মোট কত কিমি হাঁটবে?",multiply,৬০
"১০০ টাকা থেকে ৮০ টাকা খরচ হলো। এখন কত টাকা আছে?",subtract,২০
"একজন কৃষক প্রতিদিন ২০টি ডিম পায়। ৫ দিনে মোট কতটি ডিম?",multiply,১০০
"৫০০ টাকা থেকে ২০০ টাকা খরচ হলো। এখন কত টাকা আছে?",subtract,৩০০
"একটি ক্লাসে ৫০ জন ছাত্র আছে। তাদেরকে ৫টি দলে ভাগ করা হলো। প্রতিটি দলে কয়জন?",divide,১০
"রুবেল ৪০ টাকা দিয়ে ৪টি কলম কিনল। প্রতিটির দাম কত?",divide,১০
"একটি ঝুড়িতে ১৫টি আম আছে। ৫টি ঝুড়িতে মোট কতটি?",multiply,৭৫
"৩০০ টাকা থেকে ২৫০ টাকা খরচ হলো। এখন কত টাকা আছে?",subtract,৫০
"মিতা ৮টি কমলালেবু কিনল। পরে আরও ৭টি কিনল। মোট কতটি হলো?",add,১৫
"একটি দোকানে ২০০টি ক্যান্ডি আছে। ৫০টি বিক্রি হলো। এখন কতটি আছে?",subtract,১৫০
"৭২টি ক্যান্ডি ৮ জন ছাত্রের মধ্যে ভাগ হলো। প্রত্যেকে কয়টি পেল?",divide,৯
"রুবি ১৫০ টাকা দিয়ে ৫টি খাতা কিনল। প্রতিটির দাম কত?",divide,৩০
"একটি ক্লাসে ৩০ জন ছাত্র আছে। তাদের মধ্যে ৫ জন অনুপস্থিত। উপস্থিত কতজন?",subtract,২৫
"৮০ টাকা থেকে ৩০ টাকা খরচ হলো। এখন কত টাকা আছে?",subtract,৫০
"একটি বইয়ের দাম ২০ টাকা। ১২টি বইয়ের দাম কত?",multiply,২৪০
"রাহিম প্রতিদিন ৫ কিমি দৌড়ায়। ১০ দিনে মোট কত কিমি দৌড়াবে?",multiply,৫০
"একটি ঝুড়িতে ৯টি কমলালেবু আছে। ৬টি ঝুড়িতে মোট কতটি?",multiply,৫৪
"৫০ টাকা থেকে ২০ টাকা খরচ হলো। এখন কত টাকা আছে?",subtract,৩০
"১২টি আম ৪ জনের মধ্যে ভাগ হলো। প্রত্যেকে কয়টি পেল?",divide,৩
"একটি দোকানে ৮০টি খেলনা আছে। ২০টি বিক্রি হলো। এখন কতটি আছে?",subtract,৬০
"মিতা ৩০ টাকা দিয়ে ৩টি কলম কিনল। প্রতিটির দাম কত?",divide,১০
"৭৫টি কলা থেকে ২৫টি খাওয়া হলো। এখন কতটি আছে?",subtract,৫০
"একজন কৃষক প্রতিদিন ১৮টি ডিম পায়। ৫ দিনে মোট কতটি ডিম?",multiply,৯০
"একটি স্কুলে ২৪০ জন ছাত্র আছে। ১২টি ক্লাসে ভাগ হলো। প্রতিটি ক্লাসে কয়জন?",divide,২০
"৩০ টাকা থেকে ১৫ টাকা খরচ হলো। এখন কত টাকা আছে?",subtract,১৫
"রুবি ৫টি বই কিনল। পরে আরও ৭টি কিনল। মোট কতটি হলো?",add,১২
"একটি বাক্সে ২০টি পেন্সিল আছে। ৬টি বাক্সে মোট কতটি?",multiply,১২০
"১০০ টাকা থেকে ২০ টাকা খরচ হলো। এখন কত টাকা আছে?",subtract,৮০
"একজন ছাত্র প্রতিদিন ৫ ঘণ্টা পড়ে। ৬ দিনে মোট কত ঘণ্টা পড়বে?",multiply,৩০
"একটি দোকানে ৩০০টি আপেল আছে। ১০০টি বিক্রি হলো। এখন কতটি আছে?",subtract,২০০
"২৫টি চকলেট থেকে ৫টি খাওয়া হলো। এখন কতটি আছে?",subtract,২০
"৫০টি বই ১০ জন ছাত্রের মধ্যে ভাগ হলো। প্রত্যেকে কয়টি পেল?",divide,৫
"একটি খাতার দাম ১৫ টাকা। ১০টি খাতার দাম কত?",multiply,১৫০
"৬০০ টাকা থেকে ৪০০ টাকা খরচ হলো। এখন কত টাকা আছে?",subtract,২০০
"একটি ঝুড়িতে ১০টি আম আছে। ৯টি ঝুড়িতে মোট কতটি?",multiply,৯০
"২০টি বই থেকে ৮টি দেওয়া হলো। এখন কতটি আছে?",subtract,১২
"একটি স্কুলে ৫০০ জন ছাত্র আছে। তাদেরকে ২৫টি ক্লাসে ভাগ হলো। প্রতিটি ক্লাসে কয়জন?",divide,২০
"রুবি প্রতিদিন ২ ঘণ্টা গান শেখে। ৩০ দিনে মোট কত ঘণ্টা শিখবে?",multiply,৬০
"৪৮০ টাকা থেকে ১৮০ টাকা খরচ হলো। এখন কত টাকা আছে?",subtract,৩০০
text,label,answer
"রাহিমের কাছে ৫০ টাকা আছে। সে ২০ টাকা দিয়ে কলম কিনল। পরে আরও ৩০ টাকা পেল। এখন তার কাছে কত টাকা আছে?",multi_step,৬০
"মিঠুর কাছে ৩/৪ লিটার দুধ আছে। সে ১/২ লিটার ব্যবহার করল। কত লিটার দুধ বাকি?",subtract,১/৪
"একটি ট্রেনে ৩০ জন যাত্রী আছে। প্রতিটি কোচে ৫টি করে আসন আছে। কতটি কোচ লাগবে?",divide_ceil,৬
"একটি আয়তক্ষেত্রের দৈর্ঘ্য ৮ মি এবং প্রস্থ ৫ মি। ক্ষেত্রফল কত?",multiply,৪০
"মিতা ১২টি আপেল কিনল। ৩টি খেয়ে ফেলল। পরে ৫টি আরও কিনল। এখন কতটি আছে?",multi_step,১৪
"একটি স্কুলে ৯০ জন ছাত্র আছে। তারা ৩টি দলে ভাগ হলো। প্রতিটি দলে কয়জন?",divide,৩০
"রুবি ৭৫ টাকা দিয়ে ৩টি খাতা কিনল। প্রতিটি খাতার দাম কত?",divide,২৫
"একজন কৃষক প্রতিদিন ১২টি ডিম পায়। ৭ দিনে মোট কতটি ডিম হবে?",multiply,৮৪
"একটি দোকানে ৬০টি কলম আছে। ১৫টি বিক্রি হলো। পরে ২০টি আরও আনা হলো। এখন কতটি কলম আছে?",multi_step,৬৫
"একটি ট্রাক ৫ কিমি প্রতি লিটার গ্যাস খায়। ট্রাক ৪০ কিমি যাবে। কত লিটার গ্যাস লাগবে?",divide,৮
"রাহিমের কাছে ২০০ টাকা আছে। সে ৫০ টাকা খরচ করল। পরে ১০% টাকা ফেরত পেল। এখন কত টাকা আছে?",multi_step,১৬৫
"মিতা ৩/৫ কেজি চিনি কিনল। সে ১/৫ কেজি ব্যবহার করল। কত কেজি চিনি বাকি?",subtract,২/৫
"একটি ক্লাসে ২৫ জন ছেলে এবং ৩০ জন মেয়ে আছে। মোট কতজন ছাত্র?",add,৫৫
"রুবি ৩ টি বই কিনল। প্রথম বই ২৫ টাকা, দ্বিতীয় ৩০ টাকা, তৃতীয় ২০ টাকা। মোট কত টাকা খরচ হলো?",add,৭৫
"একটি দোকানে ৮০টি কমলালেবু আছে। ২০টি বিক্রি হলো। পরে আরও ৩০টি যোগ হলো। এখন কতটি আছে?",multi_step,৯০
"মিতা ৬০ টাকা দিয়ে ৪টি কলম কিনল। প্রতিটি কলমের দাম কত?",divide,১৫
"একটি রেস্টুরেন্টে ৫টি টেবিল আছে। প্রতিটি টেবিলে ৪ জন বসে। মোট কতজন খেতে পারে?",multiply,২০
"একজন শ্রমিক ৮ ঘণ্টা কাজ করে। ৫ দিনে মোট কত ঘণ্টা কাজ করবে?",multiply,৪০
"একটি আয়তক্ষেত্রের দৈর্ঘ্য ১২ মি এবং প্রস্থ ৭ মি। ক্ষেত্রফল কত?",multiply,৮৪
"রাহিম ২০০ টাকা দিয়ে ৪টি বই কিনল। প্রতিটি বইয়ের দাম কত?",divide,৫০
"একটি বাসে ৪০ জন যাত্রী আছে। ২০ জন নেমে গেল। পরে ১৫ জন উঠল। এখন কতজন আছে?",multi_step,৩৫
"একটি বাক্সে ১২টি পেন্সিল আছে। ৮টি বাক্সে মোট কতটি পেন্সিল?",multiply,৯৬
"মিতা ৫ কিমি হাঁটে। সে প্রতিদিন একই দূরত্ব হাঁটে। ১০ দিনে কত কিমি হাঁটবে?",multiply,৫০
"রুবি ৭৫ টাকা দিয়ে ৩টি খাতা কিনল। প্রতিটি খাতার দাম কত?",divide,২৫
"একজন কৃষক প্রতিদিন ২০ লিটার দুধ বিক্রি করে। ৭ দিনে মোট কত লিটার বিক্রি করবে?",multiply,১৪০
"একটি ক্লাসে ৪০ জন ছাত্র আছে। ৮ জন অনুপস্থিত। এখন কতজন উপস্থিত?",subtract,৩২
"একটি আয়তক্ষেত্রের দৈর্ঘ্য ১০ মি এবং প্রস্থ ৫ মি। ক্ষেত্রফল কত?",multiply,৫০
"মিঠুর কাছে ৩/৪ কেজি চিনি আছে। সে ১/২ কেজি ব্যবহার করল। কত কেজি বাকি?",subtract,১/৪
"একটি দোকানে ৬০টি খেলনা আছে। ২০টি বিক্রি হলো। পরে আরও ৩০টি যোগ হলো। এখন কতটি আছে?",multi_step,৭০
"রাহিম ৫টি কলম কিনল। প্রতিটি কলম ১২ টাকা। মোট কত টাকা খরচ হলো?",multiply,৬০
"একটি ট্রেনে ৪৫ জন যাত্রী আছে। প্রতিটি কোচে ৭ জন বসে। কতটি কোচ লাগবে?",divide_ceil,৭
"মিতা ২০ টাকা দিয়ে ২টি চকলেট কিনল। প্রতিটির দাম কত?",divide,১০
"একজন ছাত্র প্রতিদিন ৩ ঘণ্টা পড়ে। ৫ দিনে মোট কত ঘণ্টা পড়বে?",multiply,১৫
"একটি আয়তক্ষেত্রের দৈর্ঘ্য ৮ মি এবং প্রস্থ ৫ মি। ক্ষেত্রফল কত?",multiply,৪০
"রুবি ১২টি পেন্সিল কিনল। পরে ৫টি তার বন্ধুকে দিল। এখন কতটি আছে?",subtract,৭
"একটি দোকানে ১০০টি আপেল আছে। ৩০টি বিক্রি হলো। পরে আরও ২০টি যোগ হলো। এখন কতটি আছে?",multi_step,৯০
"মিতা ৪০ টাকা দিয়ে ২টি কলম কিনল। প্রতিটি কলমের দাম কত?",divide,২০
"একজন কৃষক প্রতিদিন ১০টি ডিম পায়। ১৫ দিনে মোট কতটি ডিম?",multiply,১৫০
"একটি ক্লাসে ৩০ জন ছেলে এবং ২৫ জন মেয়ে আছে। মোট কতজন?",add,৫৫
"রাহিম ১৫০ টাকা দিয়ে ৩টি বই কিনল। প্রতিটি বইয়ের দাম কত?",divide,৫০
"একটি বাসে ৩০ জন যাত্রী আছে। ২০ জন নেমে গেল। পরে ২৫ জন উঠল। এখন কতজন আছে?",multi_step,৩৫
"একটি বাক্সে ১৫টি চকলেট আছে। ৮টি বাক্সে মোট কতটি?",multiply,১২০
"মিতা ৫ কিমি হাঁটে। সে প্রতিদিন একই দূরত্ব হাঁটে। ১২ দিনে কত কিমি হাঁটবে?",multiply,৬০
"রুবি ৬০ টাকা দিয়ে ৫টি কলম কিনল। প্রতিটির দাম কত?",divide,১২
"একজন শ্রমিক ৮ ঘণ্টা কাজ করে। ৭ দিনে মোট কত ঘণ্টা কাজ করবে?",multiply,৫৬
"একটি আয়তক্ষেত্রের দৈর্ঘ্য ১২ মি এবং প্রস্থ ৮ মি। ক্ষেত্রফল কত?",multiply,৯৬
"রাহিম ২০০ টাকা দিয়ে ৫টি খাতা কিনল। প্রতিটির দাম কত?",divide,৪০
"একটি বাসে ৫০ জন যাত্রী আছে। ২০ জন নেমে গেল। পরে ৩০ জন উঠল। এখন কতজন আছে?",multi_step,৬০
"একটি বাক্সে ২০টি পেন্সিল আছে। ১০টি বাক্সে মোট কতটি?",multiply,২০০
"মিতা ৭ কিমি হাঁটে। সে প্রতিদিন একই দূরত্ব হাঁটে। ৮ দিনে কত কিমি হাঁটবে?",multiply,৫৬
"রুবি ৭৫ টাকা দিয়ে ৩টি খাতা কিনল। প্রতিটি খাতার দাম কত?",divide,২৫
"একজন কৃষক প্রতিদিন ১৮ লিটার দুধ বিক্রি করে। ৫ দিনে মোট কত লিটার বিক্রি হবে?",multiply,৯০
"একটি ক্লাসে ৫০ জন ছাত্র আছে। ১০ জন অনুপস্থিত। এখন কতজন উপস্থিত?",subtract,৪০
"একটি আয়তক্ষেত্রের দৈর্ঘ্য ১৫ মি এবং প্রস্থ ৬ মি। ক্ষেত্রফল কত?",multiply,৯০
"মিঠুর কাছে ৫/৬ কেজি চিনি আছে। সে ১/۳ কেজি ব্যবহার করল। কত কেজি বাকি?",subtract,১/২
"একটি দোকানে ৭০টি খেলনা আছে। ২০টি বিক্রি হলো। পরে আরও ২৫টি যোগ হলো। এখন কতটি আছে?",multi_step,৭৫
"রাহিম ৬টি কলম কিনল। প্রতিটি কলম ১৫ টাকা। মোট কত টাকা খরচ হলো?",multiply,৯০
"একটি ট্রেনে ৫৫ জন যাত্রী আছে। প্রতিটি কোচে ৭ জন বসে। কতটি কোচ লাগবে?",divide_ceil,৮
"মিতা ৩০ টাকা দিয়ে ৩টি চকলেট কিনল। প্রতিটির দাম কত?",divide,১০
"একজন ছাত্র প্রতিদিন ৪ ঘণ্টা পড়ে। ৭ দিনে মোট কত ঘণ্টা পড়বে?",multiply,২৮
"একটি আয়তক্ষেত্রের দৈর্ঘ্য ১০ মি এবং প্রস্থ ৬ মি। ক্ষেত্রফল কত?",multiply,৬০
"রুবি ১০টি পেন্সিল কিনল। পরে ৪টি বন্ধুকে দিল। এখন কতটি আছে?",subtract,৬
"একটি দোকানে ৯০টি আপেল আছে। ৪০টি বিক্রি হলো। পরে আরও ৩০টি যোগ হলো। এখন কতটি আছে?",multi_step,৮০
"মিতা ৩০ টাকা দিয়ে ২টি কলম কিনল। প্রতিটি কলমের দাম কত?",divide,১৫
"একজন কৃষক প্রতিদিন ১২টি ডিম পায়। ১০ দিনে মোট কতটি ডিম?",multiply,১২০
"একটি ক্লাসে ৪০ জন ছেলে এবং ৩৫ জন মেয়ে আছে। মোট কতজন?",add,৭৫
text,label,answer
"রাহিমের কাছে ৮০ টাকা আছে। সে ৩০ টাকা দিয়ে কলম কিনল। পরে আরও ২০ টাকা পেল। এখন তার কাছে কত টাকা আছে?",multi_step,৭০
"মিঠুর কাছে ৫/৬ লিটার দুধ আছে। সে ১/৩ লিটার ব্যবহার করল। কত লিটার বাকি?",subtract,১/২
"একটি ট্রেনে ৬৫ জন যাত্রী আছে। প্রতিটি কোচে ৭ জন বসে। কতটি কোচ লাগবে?",divide_ceil,১০
"একটি আয়তক্ষেত্রের দৈর্ঘ্য ১০ মি এবং প্রস্থ ৮ মি। ক্ষেত্রফল কত?",multiply,৮০
"মিতা ২০টি আপেল কিনল। ৫টি খেয়ে ফেলল। পরে আরও ১০টি কিনল। এখন কতটি আছে?",multi_step,২৫
"একটি স্কুলে ৬০ জন ছাত্র আছে। ৪টি দলে ভাগ করা হলো। প্রতিটি দলে কয়জন?",divide,১৫
"রুবি ১২৫ টাকা দিয়ে ৫টি খাতা কিনল। প্রতিটি খাতার দাম কত?",divide,২৫
"একজন কৃষক প্রতিদিন ১৮টি ডিম পায়। ৬ দিনে মোট কতটি ডিম হবে?",multiply,১০৮
"একটি দোকানে ৮০টি কলম আছে। ২০টি বিক্রি হলো। পরে ১৫টি আরও আনা হলো। এখন কতটি কলম আছে?",multi_step,৭৫
"একটি ট্রাক ৬ কিমি প্রতি লিটার গ্যাস খায়। ট্রাক ৩৬ কিমি যাবে। কত লিটার গ্যাস লাগবে?",divide,৬
"রাহিমের কাছে ২৫০ টাকা আছে। সে ৫০ টাকা খরচ করল। পরে ১০% টাকা ফেরত পেল। এখন কত টাকা আছে?",multi_step,২১০
"মিতা ২/৩ কেজি চিনি কিনল। সে ১/৪ কেজি ব্যবহার করল। কত কেজি বাকি?",subtract,৫/১২
"একটি ক্লাসে ৩০ জন ছেলে এবং ৩৫ জন মেয়ে আছে। মোট কতজন ছাত্র?",add,৬৫
"রুবি ৪টি বই কিনল। প্রথম বই ২৫ টাকা, দ্বিতীয় ৩০ টাকা, তৃতীয় ২০ টাকা, চতুর্থ ২৫ টাকা। মোট কত টাকা খরচ হলো?",add,১০০
"একটি দোকানে ৭৫টি কমলালেবু আছে। ২৫টি বিক্রি হলো। পরে আরও ৫০টি যোগ হলো। এখন কতটি আছে?",multi_step,১০০
"মিতা ৫০ টাকা দিয়ে ৫টি কলম কিনল। প্রতিটি কলমের দাম কত?",divide,১০
"একটি রেস্টুরেন্টে ৮টি টেবিল আছে। প্রতিটি টেবিলে ৬ জন বসে। মোট কতজন খেতে পারে?",multiply,৪৮
"একজন শ্রমিক ৭ ঘণ্টা কাজ করে। ৬ দিনে মোট কত ঘণ্টা কাজ করবে?",multiply,৪২
"একটি আয়তক্ষেত্রের দৈর্ঘ্য ১৫ মি এবং প্রস্থ ৬ মি। ক্ষেত্রফল কত?",multiply,৯০
"রাহিম ৩০০ টাকা দিয়ে ৬টি বই কিনল। প্রতিটি বইয়ের দাম কত?",divide,৫০
"একটি বাসে ৫০ জন যাত্রী আছে। ২৫ জন নেমে গেল। পরে ২০ জন উঠল। এখন কতজন আছে?",multi_step,৪৫
"একটি বাক্সে ২০টি পেন্সিল আছে। ১২টি বাক্সে মোট কতটি?",multiply,২৪০
"মিতা ৭ কিমি হাঁটে। সে প্রতিদিন একই দূরত্ব হাঁটে। ৯ দিনে কত কিমি হাঁটবে?",multiply,৬৩
"রুবি ৯০ টাকা দিয়ে ৩টি খাতা কিনল। প্রতিটি খাতার দাম কত?",divide,৩০
"একজন কৃষক প্রতিদিন ১৫ লিটার দুধ বিক্রি করে। ৬ দিনে মোট কত লিটার বিক্রি করবে?",multiply,৯০
"একটি ক্লাসে ৪৫ জন ছাত্র আছে। ১০ জন অনুপস্থিত। এখন কতজন উপস্থিত?",subtract,৩৫
"একটি আয়তক্ষেত্রের দৈর্ঘ্য ১২ মি এবং প্রস্থ ৭ মি। ক্ষেত্রফল কত?",multiply,৮৪
"মিঠুর কাছে ৫/৮ কেজি চিনি আছে। সে ১/৪ কেজি ব্যবহার করল। কত কেজি বাকি?",subtract,৩/৮
"একটি দোকানে ৬০টি খেলনা আছে। ১৫টি বিক্রি হলো। পরে আরও ২০টি যোগ হলো। এখন কতটি আছে?",multi_step,৬৫
"রাহিম ৮টি কলম কিনল। প্রতিটি কলম ১৫ টাকা। মোট কত টাকা খরচ হলো?",multiply,১২০
"একটি ট্রেনে ৭০ জন যাত্রী আছে। প্রতিটি কোচে ৬ জন বসে। কতটি কোচ লাগবে?",divide_ceil,১২
"মিতা ২৫ টাকা দিয়ে ৫টি চকলেট কিনল। প্রতিটির দাম কত?",divide,৫
"একজন ছাত্র প্রতিদিন ৪ ঘণ্টা পড়ে। ৮ দিনে মোট কত ঘণ্টা পড়বে?",multiply,৩২
"একটি আয়তক্ষেত্রের দৈর্ঘ্য ৯ মি এবং প্রস্থ ৫ মি। ক্ষেত্রফল কত?",multiply,৪৫
"রুবি ১৫টি পেন্সিল কিনল। পরে ৫টি বন্ধুকে দিল। এখন কতটি আছে?",subtract,১০
"একটি দোকানে ১০০টি আপেল আছে। ৩০টি বিক্রি হলো। পরে আরও ২৫টি যোগ হলো। এখন কতটি আছে?",multi_step,৯৫
"মিতা ৫০ টাকা দিয়ে ৫টি কলম কিনল। প্রতিটি কলমের দাম কত?",divide,১০
"একজন কৃষক প্রতিদিন ১২টি ডিম পায়। ৮ দিনে মোট কতটি ডিম?",multiply,৯৬
"একটি ক্লাসে ৪০ জন ছেলে এবং ৩৫ জন মেয়ে আছে। মোট কতজন?",add,৭৫
"রাহিম ১৮০ টাকা দিয়ে ৬টি বই কিনল। প্রতিটি বইয়ের দাম কত?",divide,৩০
"একটি বাসে ৬০ জন যাত্রী আছে। ২০ জন নেমে গেল। পরে ২৫ জন উঠল। এখন কতজন আছে?",multi_step,৬৫
"একটি বাক্সে ১৫টি চকলেট আছে। ৮টি বাক্সে মোট কতটি?",multiply,১২০
"মিতা ৬ কিমি হাঁটে। সে প্রতিদিন একই দূরত্ব হাঁটে। ১০ দিনে কত কিমি হাঁটবে?",multiply,৬০
"রুবি ৬০ টাকা দিয়ে ৫টি কলম কিনল। প্রতিটির দাম কত?",divide,১২
"একজন শ্রমিক ৮ ঘণ্টা কাজ করে। ৭ দিনে মোট কত ঘণ্টা কাজ করবে?",multiply,৫৬
"একটি আয়তক্ষেত্রের দৈর্ঘ্য ১২ মি এবং প্রস্থ ৮ মি। ক্ষেত্রফল কত?",multiply,৯৬
"রাহিম ২২০ টাকা দিয়ে ৫টি খাতা কিনল। প্রতিটির দাম কত?",divide,৪৪
"একটি বাসে ৫০ জন যাত্রী আছে। ২০ জন নেমে গেল। পরে ৩০ জন উঠল। এখন কতজন আছে?",multi_step,৬০
"একটি বাক্সে ২০টি পেন্সিল আছে। ১০টি বাক্সে মোট কতটি?",multiply,২০০
"মিতা ৭ কিমি হাঁটে। সে প্রতিদিন একই দূরত্ব হাঁটে। ৮ দিনে কত কিমি হাঁটবে?",multiply,৫৬
text,label,answer
"রাহিমের কাছে ১৫০ টাকা আছে। সে ৪০ টাকা দিয়ে কলম কিনল। পরে আরও ৩০ টাকা পেল। এখন তার কাছে কত টাকা আছে?",multi_step,১৪০
"মিঠুর কাছে ৭/৮ কেজি চিনি আছে। সে ১/৪ কেজি ব্যবহার করল। কত কেজি বাকি?",subtract,৫/৮
"একটি ট্রেনে ৯০ জন যাত্রী আছে। প্রতিটি কোচে ৮ জন বসে। কতটি কোচ লাগবে?",divide_ceil,১২
"একটি আয়তক্ষেত্রের দৈর্ঘ্য ১৪ মি এবং প্রস্থ ৯ মি। ক্ষেত্রফল কত?",multiply,১২৬
"মিতা ২৫টি আপেল কিনল। ৮টি খেয়ে ফেলল। পরে আরও ১৫টি কিনল। এখন কতটি আছে?",multi_step,৩২
"একটি স্কুলে ৭৫ জন ছাত্র আছে। ৫টি দলে ভাগ করা হলো। প্রতিটি দলে কয়জন?",divide,১৫
"রুবি ১৮০ টাকা দিয়ে ৬টি খাতা কিনল। প্রতিটি খাতার দাম কত?",divide,৩০
"একজন কৃষক প্রতিদিন ২০টি ডিম পায়। ৬ দিনে মোট কতটি ডিম হবে?",multiply,১২০
"একটি দোকানে ১০০টি কলম আছে। ২৫টি বিক্রি হলো। পরে ৩০টি আরও আনা হলো। এখন কতটি কলম আছে?",multi_step,১০৫
"একটি ট্রাক ৭ কিমি প্রতি লিটার গ্যাস খায়। ট্রাক ৪২ কিমি যাবে। কত লিটার গ্যাস লাগবে?",divide,৬
"রাহিমের কাছে ৩০০ টাকা আছে। সে ৫০ টাকা খরচ করল। পরে ১০% টাকা ফেরত পেল। এখন কত টাকা আছে?",multi_step,২৭৫
"মিতা ৫/৬ কেজি চিনি কিনল। সে ১/৩ কেজি ব্যবহার করল। কত কেজি বাকি?",subtract,১/২
"একটি ক্লাসে ৪০ জন ছেলে এবং ৩৫ জন মেয়ে আছে। মোট কতজন ছাত্র?",add,৭৫
"রুবি ৫টি বই কিনল। প্রথম বই ২৫ টাকা, দ্বিতীয় ৩০ টাকা, তৃতীয় ২০ টাকা, চতুর্থ ২৫ টাকা, পঞ্চম ২০ টাকা। মোট কত টাকা খরচ হলো?",add,১২০
"একটি দোকানে ১০০টি কমলালেবু আছে। ৩০টি বিক্রি হলো। পরে আরও ৫০টি যোগ হলো। এখন কতটি আছে?",multi_step,১২০
"মিতা ৬০ টাকা দিয়ে ৪টি কলম কিনল। প্রতিটি কলমের দাম কত?",divide,১৫
"একটি রেস্টুরেন্টে ৯টি টেবিল আছে। প্রতিটি টেবিলে ৫ জন বসে। মোট কতজন খেতে পারে?",multiply,৪৫
"একজন শ্রমিক ৭ ঘণ্টা কাজ করে। ৫ দিনে মোট কত ঘণ্টা কাজ করবে?",multiply,৩৫
"একটি আয়তক্ষেত্রের দৈর্ঘ্য ১৬ মি এবং প্রস্থ ৭ মি। ক্ষেত্রফল কত?",multiply,১১২
"রাহিম ৩৫০ টাকা দিয়ে ৭টি বই কিনল। প্রতিটি বইয়ের দাম কত?",divide,৫০
"একটি বাসে ৬০ জন যাত্রী আছে। ২০ জন নেমে গেল। পরে ৩০ জন উঠল। এখন কতজন আছে?",multi_step,৭০
"একটি বাক্সে ২৫টি পেন্সিল আছে। ১২টি বাক্সে মোট কতটি?",multiply,৩০০
"মিতা ৫ কিমি হাঁটে। সে প্রতিদিন একই দূরত্ব হাঁটে। ১২ দিনে কত কিমি হাঁটবে?",multiply,৬০
"রুবি ১০০ টাকা দিয়ে ৫টি খাতা কিনল। প্রতিটি খাতার দাম কত?",divide,২০
"একজন কৃষক প্রতিদিন ১৫ লিটার দুধ বিক্রি করে। ৭ দিনে মোট কত লিটার বিক্রি করবে?",multiply,১০৫
"একটি ক্লাসে ৫০ জন ছাত্র আছে। ১২ জন অনুপস্থিত। এখন কতজন উপস্থিত?",subtract,৩৮
"একটি আয়তক্ষেত্রের দৈর্ঘ্য ১৩ মি এবং প্রস্থ ৯ মি। ক্ষেত্রফল কত?",multiply,১১৭
"মিঠুর কাছে ৭/৮ কেজি চিনি আছে। সে ১/২ কেজি ব্যবহার করল। কত কেজি বাকি?",subtract,৩/৮
"একটি দোকানে ৯০টি খেলনা আছে। ৩০টি বিক্রি হলো। পরে আরও ২০টি যোগ হলো। এখন কতটি আছে?",multi_step,৮০
"রাহিম ১০টি কলম কিনল। প্রতিটি কলম ১২ টাকা। মোট কত টাকা খরচ হলো?",multiply,১২০
"একটি ট্রেনে ৮০ জন যাত্রী আছে। প্রতিটি কোচে ৭ জন বসে। কতটি কোচ লাগবে?",divide_ceil,১২
"মিতা ৩০ টাকা দিয়ে ৫টি চকলেট কিনল। প্রতিটির দাম কত?",divide,৬
"একজন ছাত্র প্রতিদিন ৩ ঘণ্টা পড়ে। ১০ দিনে মোট কত ঘণ্টা পড়বে?",multiply,৩০
"একটি আয়তক্ষেত্রের দৈর্ঘ্য ১২ মি এবং প্রস্থ ৫ মি। ক্ষেত্রফল কত?",multiply,৬০
"রুবি ২০টি পেন্সিল কিনল। পরে ৫টি বন্ধুকে দিল। এখন কতটি আছে?",subtract,১৫
"একটি দোকানে ১২০টি আপেল আছে। ৪০টি বিক্রি হলো। পরে আরও ৩০টি যোগ হলো। এখন কতটি আছে?",multi_step,১১০
"মিতা ৬০ টাকা দিয়ে ৬টি কলম কিনল। প্রতিটি কলমের দাম কত?",divide,১০
"একজন কৃষক প্রতিদিন ২০টি ডিম পায়। ১০ দিনে মোট কতটি ডিম?",multiply,২০০
"একটি ক্লাসে ৪৫ জন ছেলে এবং ৪০ জন মেয়ে আছে। মোট কতজন?",add,৮৫
"রাহিম ২৭০ টাকা দিয়ে ৬টি বই কিনল। প্রতিটি বইয়ের দাম কত?",divide,৪৫
"একটি বাসে ৭০ জন যাত্রী আছে। ২০ জন নেমে গেল। পরে ২৫ জন উঠল। এখন কতজন আছে?",multi_step,৭৫
"একটি বাক্সে ২০টি চকলেট আছে। ৯টি বাক্সে মোট কতটি?",multiply,১৮০
"মিতা ৮ কিমি হাঁটে। সে প্রতিদিন একই দূরত্ব হাঁটে। ১০ দিনে কত কিমি হাঁটবে?",multiply,৮০
"রুবি ৮০ টাকা দিয়ে ৪টি খাতা কিনল। প্রতিটির দাম কত?",divide,২০
"একজন শ্রমিক ৯ ঘণ্টা কাজ করে। ৬ দিনে মোট কত ঘণ্টা কাজ করবে?",multiply,৫৪
"একটি আয়তক্ষেত্রের দৈর্ঘ্য ১৪ মি এবং প্রস্থ ৭ মি। ক্ষেত্রফল কত?",multiply,৯৮
"রাহিম ২০০ টাকা দিয়ে ৫টি খাতা কিনল। প্রতিটির দাম কত?",divide,৪০
"একটি বাসে ৫০ জন যাত্রী আছে। ২৫ জন নেমে গেল। পরে ২০ জন উঠল। এখন কতজন আছে?",multi_step,৪৫
"একটি বাক্সে ২০টি পেন্সিল আছে। ১২টি বাক্সে মোট কতটি?",multiply,২৪০
"মিতা ৯ কিমি হাঁটে। সে প্রতিদিন একই দূরত্ব হাঁটে। ৭ দিনে কত কিমি হাঁটবে?",multiply,৬৩
text,label,answer
"রাহিমের কাছে ২৫০ টাকা আছে। সে ৫০ টাকা দিয়ে কলম কিনল। পরে আরও ৭৫ টাকা পেল। এখন তার কাছে কত টাকা আছে?",multi_step,২৭৫
"মিঠুর কাছে ৭/১০ কেজি চিনি আছে। সে ২/৫ কেজি ব্যবহার করল। কত কেজি বাকি?",subtract,৩/১০
"একটি ট্রেনে ৯০ জন যাত্রী আছে। প্রতিটি কোচে ৯ জন বসে। কতটি কোচ লাগবে?",divide_ceil,১০
"একটি আয়তক্ষেত্রের দৈর্ঘ্য ১৫ মি এবং প্রস্থ ১০ মি। ক্ষেত্রফল কত?",multiply,১৫০
"মিতা ৩০টি আপেল কিনল। ১০টি খেয়ে ফেলল। পরে আরও ২০টি কিনল। এখন কতটি আছে?",multi_step,৪০
"একটি স্কুলে ৮০ জন ছাত্র আছে। ৫টি দলে ভাগ করা হলো। প্রতিটি দলে কয়জন?",divide,১৬
"রুবি ২০০ টাকা দিয়ে ৫টি খাতা কিনল। প্রতিটি খাতার দাম কত?",divide,৪০
"একজন কৃষক প্রতিদিন ১৮টি ডিম পায়। ৮ দিনে মোট কতটি ডিম হবে?",multiply,১৪৪
"একটি দোকানে ৯০টি কলম আছে। ২০টি বিক্রি হলো। পরে আরও ২৫টি আরও আনা হলো। এখন কতটি কলম আছে?",multi_step,৯৫
"একটি ট্রাক ৮ কিমি প্রতি লিটার গ্যাস খায়। ট্রাক ৪৮ কিমি যাবে। কত লিটার গ্যাস লাগবে?",divide,৬
"রাহিমের কাছে ৩৫০ টাকা আছে। সে ১০০ টাকা খরচ করল। পরে ১০% টাকা ফেরত পেল। এখন কত টাকা আছে?",multi_step,২৭০
"মিতা ৪/৫ কেজি চিনি কিনল। সে ১/৫ কেজি ব্যবহার করল। কত কেজি বাকি?",subtract,৩/৫
"একটি ক্লাসে ৫০ জন ছেলে এবং ৪৫ জন মেয়ে আছে। মোট কতজন ছাত্র?",add,৯৫
"রুবি ৬টি বই কিনল। প্রথম বই ২৫ টাকা, দ্বিতীয় ৩০ টাকা, তৃতীয় ২০ টাকা, চতুর্থ ২৫ টাকা, পঞ্চম ২০ টাকা, ষষ্ঠ ৩০ টাকা। মোট কত টাকা খরচ হলো?",add,১৫০
"একটি দোকানে ১২০টি কমলালেবু আছে। ৪০টি বিক্রি হলো। পরে আরও ৬০টি যোগ হলো। এখন কতটি আছে?",multi_step,১৪০
"মিতা ৭৫ টাকা দিয়ে ৫টি কলম কিনল। প্রতিটি কলমের দাম কত?",divide,১৫
"একটি রেস্টুরেন্টে ১০টি টেবিল আছে। প্রতিটি টেবিলে ৬ জন বসে। মোট কতজন খেতে পারে?",multiply,৬০
"একজন শ্রমিক ৯ ঘণ্টা কাজ করে। ৫ দিনে মোট কত ঘণ্টা কাজ করবে?",multiply,৪৫
"একটি আয়তক্ষেত্রের দৈর্ঘ্য ১৮ মি এবং প্রস্থ ৯ মি। ক্ষেত্রফল কত?",multiply,১৬২
"রাহিম ৪০০ টাকা দিয়ে ৮টি বই কিনল। প্রতিটি বইয়ের দাম কত?",divide,৫০
"একটি বাসে ৬০ জন যাত্রী আছে। ৩০ জন নেমে গেল। পরে ২৫ জন উঠল। এখন কতজন আছে?",multi_step,৫৫
"একটি বাক্সে ৩০টি পেন্সিল আছে। ১২টি বাক্সে মোট কতটি?",multiply,৩৬০
"মিতা ৬ কিমি হাঁটে। সে প্রতিদিন একই দূরত্ব হাঁটে। ১৫ দিনে কত কিমি হাঁটবে?",multiply,৯০
"রুবি ১২৫ টাকা দিয়ে ৫টি খাতা কিনল। প্রতিটি খাতার দাম কত?",divide,২৫
"একজন কৃষক প্রতিদিন ২০ লিটার দুধ বিক্রি করে। ৯ দিনে মোট কত লিটার বিক্রি করবে?",multiply,১৮০
"একটি ক্লাসে ৬০ জন ছাত্র আছে। ১৫ জন অনুপস্থিত। এখন কতজন উপস্থিত?",subtract,৪৫
"একটি আয়তক্ষেত্রের দৈর্ঘ্য ১৩ মি এবং প্রস্থ ১২ মি। ক্ষেত্রফল কত?",multiply,১৫৬
"মিঠুর কাছে ৯/১০ কেজি চিনি আছে। সে ২/৫ কেজি ব্যবহার করল। কত কেজি বাকি?",subtract,১/২
"একটি দোকানে ১০০টি খেলনা আছে। ৪০টি বিক্রি হলো। পরে আরও ৩০টি যোগ হলো। এখন কতটি আছে?",multi_step,৯০
"রাহিম ১২টি কলম কিনল। প্রতিটি কলম ১৫ টাকা। মোট কত টাকা খরচ হলো?",multiply,১৮০
"একটি ট্রেনে ৮৫ জন যাত্রী আছে। প্রতিটি কোচে ৭ জন বসে। কতটি কোচ লাগবে?",divide_ceil,১৩
"মিতা ৩৫ টাকা দিয়ে ৫টি চকলেট কিনল। প্রতিটির দাম কত?",divide,৭
"একজন ছাত্র প্রতিদিন ৫ ঘণ্টা পড়ে। ৬ দিনে মোট কত ঘণ্টা পড়বে?",multiply,৩০
"একটি আয়তক্ষেত্রের দৈর্ঘ্য ১০ মি এবং প্রস্থ ৭ মি। ক্ষেত্রফল কত?",multiply,৭০
"রুবি ১৮টি পেন্সিল কিনল। পরে ৬টি বন্ধুকে দিল। এখন কতটি আছে?",subtract,১২
"একটি দোকানে ১৩০টি আপেল আছে। ৫০টি বিক্রি হলো। পরে আরও ৪০টি যোগ হলো। এখন কতটি আছে?",multi_step,১২০
"মিতা ৭০ টাকা দিয়ে ৭টি কলম কিনল। প্রতিটি কলমের দাম কত?",divide,১০
"একজন কৃষক প্রতিদিন ১২টি ডিম পায়। ১৫ দিনে মোট কতটি ডিম?",multiply,১৮০
"একটি ক্লাসে ৫০ জন ছেলে এবং ৪৫ জন মেয়ে আছে। মোট কতজন?",add,৯৫
"রাহিম ৩০০ টাকা দিয়ে ৬টি বই কিনল। প্রতিটি বইয়ের দাম কত?",divide,৫০
"একটি বাসে ৭০ জন যাত্রী আছে। ২৫ জন নেমে গেল। পরে ৩০ জন উঠল। এখন কতজন আছে?",multi_step,৭৫
"একটি বাক্সে ২০টি চকলেট আছে। ৯টি বাক্সে মোট কতটি?",multiply,১৮০
"মিতা ৮ কিমি হাঁটে। সে প্রতিদিন একই দূরত্ব হাঁটে। ১২ দিনে কত কিমি হাঁটবে?",multiply,৯৬
"রুবি ৯০ টাকা দিয়ে ৬টি খাতা কিনল। প্রতিটি খাতার দাম কত?",divide,১৫
"একজন শ্রমিক ৮ ঘণ্টা কাজ করে। ৯ দিনে মোট কত ঘণ্টা কাজ করবে?",multiply,৭২
"একটি আয়তক্ষেত্রের দৈর্ঘ্য ১৬ মি এবং প্রস্থ ১০ মি। ক্ষেত্রফল কত?",multiply,১৬০
"রাহিম ২২৫ টাকা দিয়ে ৫টি খাতা কিনল। প্রতিটির দাম কত?",divide,৪৫
"একটি বাসে ৫০ জন যাত্রী আছে। ৩০ জন নেমে গেল। পরে ২০ জন উঠল। এখন কতজন আছে?",multi_step,৪০
"একটি বাক্সে ২৫টি পেন্সিল আছে। ১০টি বাক্সে মোট কতটি?",multiply,২৫০
"মিতা ৯ কিমি হাঁটে। সে প্রতিদিন একই দূরত্ব হাঁটে। ৮ দিনে কত কিমি হাঁটবে?",multiply,৭২
text,label,answer
"রাহিমের কাছে ৩০০ টাকা আছে। সে ৫০ টাকা দিয়ে কলম কিনল। পরে আরও ১০০ টাকা পেল। এখন তার কাছে কত টাকা আছে?",multi_step,৩৫০
"মিঠুর কাছে ৭/৮ কেজি চিনি আছে। সে ৩/৮ কেজি ব্যবহার করল। কত কেজি বাকি?",subtract,৪/৮
"একটি ট্রেনে ১০০ জন যাত্রী আছে। প্রতিটি কোচে ১০ জন বসে। কতটি কোচ লাগবে?",divide_ceil,১০
"একটি আয়তক্ষেত্রের দৈর্ঘ্য ২০ মি এবং প্রস্থ ১২ মি। ক্ষেত্রফল কত?",multiply,২৪০
"মিতা ৪০টি আপেল কিনল। ১২টি খেয়ে ফেলল। পরে আরও ২৫টি কিনল। এখন কতটি আছে?",multi_step,৫৩
"একটি স্কুলে ৯০ জন ছাত্র আছে। ৬টি দলে ভাগ করা হলো। প্রতিটি দলে কয়জন?",divide,১৫
"রুবি ২৫০ টাকা দিয়ে ৫টি খাতা কিনল। প্রতিটি খাতার দাম কত?",divide,৫০
"একজন কৃষক প্রতিদিন ২৫টি ডিম পায়। ৭ দিনে মোট কতটি ডিম হবে?",multiply,১৭৫
"একটি দোকানে ১২০টি কলম আছে। ৩০টি বিক্রি হলো। পরে ৪০টি আরও আনা হলো। এখন কতটি কলম আছে?",multi_step,১৩০
"একটি ট্রাক ৯ কিমি প্রতি লিটার গ্যাস খায়। ট্রাক ৫৪ কিমি যাবে। কত লিটার গ্যাস লাগবে?",divide,৬
"রাহিমের কাছে ৪০০ টাকা আছে। সে ৫০ টাকা খরচ করল। পরে ২০% টাকা ফেরত পেল। এখন কত টাকা আছে?",multi_step,৩৮০
"মিতা ৫/৬ কেজি চিনি কিনল। সে ১/৩ কেজি ব্যবহার করল। কত কেজি বাকি?",subtract,১/২
"একটি ক্লাসে ৬০ জন ছেলে এবং ৫৫ জন মেয়ে আছে। মোট কতজন ছাত্র?",add,১১৫
"রুবি ৭টি বই কিনল। প্রথম বই ২৫ টাকা, দ্বিতীয় ৩০ টাকা, তৃতীয় ২০ টাকা, চতুর্থ ২৫ টাকা, পঞ্চম ২০ টাকা, ষষ্ঠ ৩০ টাকা, সপ্তম ২৫ টাকা। মোট কত টাকা খরচ হলো?",add,১৭৫
"একটি দোকানে ১৫০টি কমলালেবু আছে। ৫০টি বিক্রি হলো। পরে আরও ৭০টি যোগ হলো। এখন কতটি আছে?",multi_step,১৭০
"মিতা ৮০ টাকা দিয়ে ৪টি কলম কিনল। প্রতিটি কলমের দাম কত?",divide,২০
"একটি রেস্টুরেন্টে ১২টি টেবিল আছে। প্রতিটি টেবিলে ৫ জন বসে। মোট কতজন খেতে পারে?",multiply,৬০
"একজন শ্রমিক ১০ ঘণ্টা কাজ করে। ৬ দিনে মোট কত ঘণ্টা কাজ করবে?",multiply,৬০
"একটি আয়তক্ষেত্রের দৈর্ঘ্য ২৫ মি এবং প্রস্থ ১২ মি। ক্ষেত্রফল কত?",multiply,৩০০
"রাহিম ৪৫০ টাকা দিয়ে ৯টি বই কিনল। প্রতিটি বইয়ের দাম কত?",divide,৫০
"একটি বাসে ৭০ জন যাত্রী আছে। ৩০ জন নেমে গেল। পরে ২৫ জন উঠল। এখন কতজন আছে?",multi_step,৬৫
"একটি বাক্সে ৩০টি পেন্সিল আছে। ১৫টি বাক্সে মোট কতটি?",multiply,৪৫০
"মিতা ৭ কিমি হাঁটে। সে প্রতিদিন একই দূরত্ব হাঁটে। ২০ দিনে কত কিমি হাঁটবে?",multiply,১৪০
"রুবি ১৫০ টাকা দিয়ে ৫টি খাতা কিনল। প্রতিটি খাতার দাম কত?",divide,৩০
"একজন কৃষক প্রতিদিন ২২ লিটার দুধ বিক্রি করে। ১০ দিনে মোট কত লিটার বিক্রি করবে?",multiply,২২০
"একটি ক্লাসে ৬৫ জন ছাত্র আছে। ২০ জন অনুপস্থিত। এখন কতজন উপস্থিত?",subtract,৪৫
"একটি আয়তক্ষেত্রের দৈর্ঘ্য ১৮ মি এবং প্রস্থ ১৪ মি। ক্ষেত্রফল কত?",multiply,২৫২
"মিঠুর কাছে ৯/১০ কেজি চিনি আছে। সে ৩/৫ কেজি ব্যবহার করল। কত কেজি বাকি?",subtract,৩/১০
"একটি দোকানে ১২০টি খেলনা আছে। ৫০টি বিক্রি হলো। পরে আরও ৩০টি যোগ হলো। এখন কতটি আছে?",multi_step,১০০
"রাহিম ১৫টি কলম কিনল। প্রতিটি কলম ১২ টাকা। মোট কত টাকা খরচ হলো?",multiply,১৮০
"একটি ট্রেনে ৯০ জন যাত্রী আছে। প্রতিটি কোচে ৮ জন বসে। কতটি কোচ লাগবে?",divide_ceil,১২
"মিতা ৪০ টাকা দিয়ে ৫টি চকলেট কিনল। প্রতিটির দাম কত?",divide,৮
"একজন ছাত্র প্রতিদিন ৬ ঘণ্টা পড়ে। ৭ দিনে মোট কত ঘণ্টা পড়বে?",multiply,৪২
"একটি আয়তক্ষেত্রের দৈর্ঘ্য ১৪ মি এবং প্রস্থ ৮ মি। ক্ষেত্রফল কত?",multiply,১১২
"রুবি ২৫টি পেন্সিল কিনল। পরে ৫টি বন্ধুকে দিল। এখন কতটি আছে?",subtract,২০
"একটি দোকানে ১৪০টি আপেল আছে। ৫০টি বিক্রি হলো। পরে আরও ৩০টি যোগ হলো। এখন কতটি আছে?",multi_step,১২০
"মিতা ৮০ টাকা দিয়ে ৮টি কলম কিনল। প্রতিটি কলমের দাম কত?",divide,১০
"একজন কৃষক প্রতিদিন ১৫টি ডিম পায়। ১২ দিনে মোট কতটি ডিম?",multiply,১৮০
"একটি ক্লাসে ৬০ জন ছেলে এবং ৫০ জন মেয়ে আছে। মোট কতজন?",add,১১০
"রাহিম ৩৬০ টাকা দিয়ে ৬টি বই কিনল। প্রতিটি বইয়ের দাম কত?",divide,৬০
"একটি বাসে ৮০ জন যাত্রী আছে। ৩০ জন নেমে গেল। পরে ৪০ জন উঠল। এখন কতজন আছে?",multi_step,৯০
"একটি বাক্সে ২০টি চকলেট আছে। ১২টি বাক্সে মোট কতটি?",multiply,২৪০
"মিতা ৯ কিমি হাঁটে। সে প্রতিদিন একই দূরত্ব হাঁটে। ১৫ দিনে কত কিমি হাঁটবে?",multiply,১৩৫
"রুবি ৯০ টাকা দিয়ে ৬টি খাতা কিনল। প্রতিটি খাতার দাম কত?",divide,১৫
"একজন শ্রমিক ৮ ঘণ্টা কাজ করে। ১০ দিনে মোট কত ঘণ্টা কাজ করবে?",multiply,৮০
"একটি আয়তক্ষেত্রের দৈর্ঘ্য ২০ মি এবং প্রস্থ ১৫ মি। ক্ষেত্রফল কত?",multiply,৩০০
"রাহিম ৩৫০ টাকা দিয়ে ৭টি খাতা কিনল। প্রতিটির দাম কত?",divide,৫০
"একটি বাসে ৫০ জন যাত্রী আছে। ২৫ জন নেমে গেল। পরে ৩০ জন উঠল। এখন কতজন আছে?",multi_step,৫৫
"একটি বাক্সে ৩০টি পেন্সিল আছে। ১০টি বাক্সে মোট কতটি?",multiply,৩০০
"মিতা ১০ কিমি হাঁটে। সে প্রতিদিন একই দূরত্ব হাঁটে। ৭ দিনে কত কিমি হাঁটবে?",multiply,৭০
"সারা ৩০টি ক্যান্ডি কিনল। সে ১০টি তার সহপাঠীদের দিল। এখন কতটি আছে?",subtract,২০
"আহমেদ ৪০টি মার্বেল আছে। সে ১৫টি ছোট ভাইকে দিল। বাকি কতটি?",subtract,২৫
"নিশা ১৮টি বই কিনল। সে ৬টি লাইব্রেরিতে দান করল। এখন কতটি আছে?",subtract,১২
"রফিকের কাছে ১২টি কলা আছে। মামা তাকে আরও ৮টি দিল। মোট কতটি?",add,২০
"লিলার কাছে ৬টি গোলাপ আছে। বাবা তার জন্য আরও ৪টি এনে দিল। এখন কতটি?",add,১০
"রাহুল ৫০ টাকা নিয়ে দোকানে গেল। সে ২০ টাকার খেলনা কিনল। বাকি কত টাকা?",subtract,৩০
"মরিয়মের কাছে ১৫টি পেন্সিল ছিল। সে ৫টি হারিয়ে ফেলল। এখন কতটি আছে?",subtract,১০
"রুবি ১০০টি পেন্সিল কিনল। পরে ২৫টি বন্ধুকে দিল। এখন কতটি আছে?",subtract,৭৫
"রুবি ৫০টি পেন্সিল কিনল। পরে ১৫টি বন্ধুকে দিল। এখন কতটি আছে?",subtract,৩৫
"রুবি ৮০টি পেন্সিল কিনল। পরে ২০টি বন্ধুকে দিল। এখন কতটি আছে?",subtract,৬০
"গ্রামবাসীরা গ্রামের রাস্তা মেরামতের জন্য টাকা তোলার সিদ্ধান্ত নিলেন। গ্রামে ৩২৪টি পরিবার আছে। প্রত্যেক পরিবার যদি ২৫০ টাকা করে জমা দেয়, তাহলে সর্বমোট কত টাকা হবে?",multiply,৮১০০০
"একটি স্কুলে ৪৫০ জন ছাত্র আছে। যদি প্রতিদিন ৭৫ জন ছাত্র অনুপস্থিত থাকে, তাহলে এক সপ্তাহে মোট কতজন ছাত্র অনুপস্থিত থাকবে?",multiply,৫২৫
"একটি কারখানায় প্রতিদিন ১২০০টি পণ্য তৈরি হয়। যদি প্রতিদিন ১৫০টি পণ্য বিক্রি হয়, তাহলে এক সপ্তাহে কতটি পণ্য বিক্রি হবে?",multiply,১০৫০
"একটি শহরে ৫০০০টি গাছ লাগানো হয়েছে। যদি প্রতি বছর ১০% গাছ মারা যায়, তাহলে ৫ বছরে কতটি গাছ বাঁচবে?",multi_step,২৯৫৭
"একটি ট্রেনে ৮০০ জন যাত্রী আছে। যদি প্রতিটি কোচে ৪০ জন বসে, তাহলে কতটি কোচ লাগবে?",divide_ceil,২০
"একটি আয়তক্ষেত্রের দৈর্ঘ্য ২৫ মি এবং প্রস্থ ১৫ মি। ক্ষেত্রফল কত?",multiply,৩৭৫ 
"একটি দোকানে ২০০টি আপেল আছে। যদি প্রতিদিন ২৫টি বিক্রি হয়, তাহলে ৫ দিনে কতটি আপেল বিক্রি হবে?",multiply,১২৫
"একটি রেস্টুরেন্টে ২০টি টেবিল আছে। যদি প্রতিটি টেবিলে ৬ জন বসে, তাহলে মোট কতজন খেতে পারে?",multiply,১২০
"একজন শ্রমিক ৮ ঘণ্টা কাজ করে। যদি সে প্রতিদিন ৬ দিনে কাজ করে, তাহলে মোট কত ঘণ্টা কাজ করবে?",multiply,৪৮
"একটি আয়তক্ষেত্রের দৈর্ঘ্য ৩০ মি এবং প্রস্থ ২০ মি। ক্ষেত্রফল কত?",multiply,৬০০
"রাহিম ৫০০ টাকা দিয়ে ১০টি বই কিনল। প্রতিটি বইয়ের দাম কত?",divide,৫০  
"একটি বাসে ১০০ জন যাত্রী আছে। যদি ৩০ জন নেমে যায় এবং পরে ৪০ জন উঠে, তাহলে এখন কতজন আছে?",multi_step,১১০
"একটি বাক্সে ৫০টি পেন্সিল আছে। যদি ২০টি বাক্সে থাকে, তাহলে মোট কতটি পেন্সিল?",multiply,১০০০
"মিতা ১২ কিমি হাঁটে। যদি সে প্রতিদিন একই দূরত্ব হাঁটে, তাহলে ১০ দিনে কত কিমি হাঁটবে?",multiply,১২০
"রুবি ২০০ টাকা দিয়ে ৮টি খাতা কিনল। প্রতিটি খাতার দাম কত?",divide,২৫
"একজন কৃষক প্রতিদিন ৩০ লিটার দুধ বিক্রি করে। যদি সে ৭ দিনে বিক্রি করে, তাহলে মোট কত লিটার বিক্রি করবে?",multiply,২১০
"একটি ক্লাসে ৭০ জন ছাত্র আছে। যদি ১৫ জন অনুপস্থিত থাকে, তাহলে এখন কতজন উপস্থিত?",subtract,৫৫
"একটি আয়তক্ষেত্রের দৈর্ঘ্য ২২ মি এবং প্রস্থ ১৮ মি। ক্ষেত্রফল কত?",multiply,৩৯৬
"মিঠুর কাছে ৯/১০ কেজি চিনি আছে। যদি সে ৪/৫ কেজি ব্যবহার করে, তাহলে কত কেজি বাকি?",subtract,১/১০
"একটি দোকানে ২০০টি খেলনা আছে। যদি প্রতিদিন ৩০টি বিক্রি হয়, তাহলে ৫ দিনে কতটি বিক্রি হবে?",multiply,১৫০
"রাহিম ২০টি কলম কিনল। যদি প্রতিটি কলম ১৫ টাকা হয়, তাহলে মোট কত টাকা খরচ হলো?",multiply,৩০০
"একটি ট্রেনে ৯০০ জন যাত্রী আছে। যদি প্রতিটি কোচে ৫০ জন বসে, তাহলে কতটি কোচ লাগবে?",divide_ceil,১৮
"মিতা ৬০ টাকা দিয়ে ৬টি চকলেট কিনল। প্রতিটির দাম কত?",divide,১০
"একজন ছাত্র প্রতিদিন ৪ ঘণ্টা পড়ে। যদি সে ৯ দিনে পড়ে, তাহলে মোট কত ঘণ্টা পড়বে?",multiply,৩৬
"একটি আয়তক্ষেত্রের দৈর্ঘ্য ১৬ মি এবং প্রস্থ ১২ মি। ক্ষেত্রফল কত?",multiply,১৯২
"রুবি ৩০টি পেন্সিল কিনল। যদি সে ১০টি বন্ধুকে দেয়, তাহলে এখন কতটি আছে?",subtract,২০
"একটি দোকানে ১৫০টি আপেল আছে। যদি প্রতিদিন ২০টি বিক্রি হয়, তাহলে ৪ দিনে কতটি বিক্রি হবে?",multiply,৮০
"মিতা ৭০ টাকা দিয়ে ৭টি কলম কিনল। প্রতিটি কলমের দাম কত?",divide,১০
"একজন কৃষক প্রতিদিন ১৮টি ডিম পায়। যদি সে ১৪ দিনে পায়, তাহলে মোট কতটি ডিম?",multiply,২৫২  
"একটি ক্লাসে ৮০ জন ছেলে এবং ৭০ জন মেয়ে আছে। মোট কতজন?",add,১৫০
"রাহিম ৪০০ টাকা দিয়ে ৮টি বই কিনল। প্রতিটি বইয়ের দাম কত?",divide,৫০
"একটি বাসে ৯০ জন যাত্রী আছে। যদি ৪০ জন নেমে যায় এবং পরে ৩০ জন উঠে, তাহলে এখন কতজন আছে?",multi_step,৮০
"একটি বাক্সে ৪০টি পেন্সিল আছে। যদি ১৫টি বাক্সে থাকে, তাহলে মোট কতটি পেন্সিল?",multiply,৬০০
"মিতা ৫ কিমি হাঁটে। যদি সে প্রতিদিন একই দূরত্ব হাঁটে, তাহলে ১৮ দিনে কত কিমি হাঁটবে?",multiply,৯০
"রুবি ১২০ টাকা দিয়ে ৬টি খাতা কিনল। প্রতিটি খাতার দাম কত?",divide,২০
"একজন শ্রমিক ৭ ঘণ্টা কাজ করে। যদি সে ১২ দিনে কাজ করে, তাহলে মোট কত ঘণ্টা কাজ করবে?",multiply,৮৪
"কোনো বাড়িতে ৯৮০০০ গ্রাম চাল আছে। তাদের যদি প্রতিদিন ৬৫০ গ্রাম চাল লাগে, তবে কততম দিনে চাল শেষ হবে?",divide_ceil,১৫১
"একটি বই তৈরি করতে ১২৮ তা কাগজ লাগে। ৬০০০০০ তা কাগজ দিয়ে কয়টি বই তৈরি করা যাবে?",divide,৪৬৮
"একটি কোম্পানির ব্যবসায় ৯৫২০৪ টাকা লাভ হলো এবং তা কর্মচারীদের মধ্যে সমানভাবে ভাগ করে দেওয়ার সিদ্ধান্ত হলো। যদি প্রত্যেক কর্মচারী ৮০০ টাকা করে পান, তাহলে কর্মচারীর সংখ্যা কত?",divide,১১৯
"একজন লোক প্রতি মাসে ৮৫০ টাকা করে সঞ্চয় করেন। কততম মাসে তার সঞ্চিত টাকা ৫০০০০ অতিক্রম করবে?",divide_ceil,৬০
"একটি বক্সে ২৫০টি বস্তু প্যাকেট করা যায়। এরকম ৪৩৫৪৮টি বস্তু প্যাকেট করার জন্য কয়টি বাক্স প্রয়োজন?",divide_ceil,১৭৫
"একটি গাড়ি প্রতি লিটার গ্যাসে ১২ কিমি পথ যায়। যদি গাড়িটি ৪৮০ কিমি পথ যেতে হয়, তাহলে কত লিটার গ্যাস লাগবে?",divide,৪০
"একটি কারখানায় ৭৫০০০০ টাকা মূল্যের যন্ত্রাংশ আছে। যদি প্রতিদিন ২৫০০০ টাকা মূল্যের যন্ত্রাংশ বিক্রি হয়, তাহলে কয়দিনে যন্ত্রাংশ শেষ হবে?",divide_ceil,৩০
"একটি স্কুলে ১২৫০ জন ছাত্র আছে। যদি প্রতি বছর ছাত্র সংখ্যা ৮% হারে বৃদ্ধি পায়, তাহলে ৫ বছরে মোট কতজন ছাত্র হবে?",multi_step,১৮৩৭
"একটি ট্রেনে ১২০০ জন যাত্রী আছে। যদি প্রতিটি কোচে ৬০ জন বসে, তাহলে কতটি কোচ লাগবে?",divide_ceil,২০
"একটি আয়তক্ষেত্রের দৈর্ঘ্য ৪৫ মি এবং প্রস্থ ৩০ মি। ক্ষেত্রফল কত?",multiply,১৩৫০
"একটি দোকানে ৫০০টি আপেল আছে। যদি প্রতিদিন ৪০টি বিক্রি হয়, তাহলে ৭ দিনে কতটি আপেল বিক্রি হবে?",multiply,২৮০
"একটি রেস্টুরেন্টে ২৫টি টেবিল আছে। যদি প্রতিটি টেবিলে ৮ জন বসে, তাহলে মোট কতজন খেতে পারে?",multiply,২০০
"একজন শ্রমিক ৯ ঘণ্টা কাজ করে। যদি সে প্রতিদিন ৫ দিনে কাজ করে, তাহলে মোট কত ঘণ্টা কাজ করবে?",multiply,৪৫
"একটি আয়তক্ষেত্রের দৈর্ঘ্য ৩৫ মি এবং প্রস্থ ২৫ মি। ক্ষেত্রফল কত?",multiply,৮৭৫
"রাহিম ৬০০ টাকা দিয়ে ১২টি বই কিনল। প্রতিটি বইয়ের দাম কত?",divide,৫০
"একটি বাসে ১২০ জন যাত্রী আছে। যদি ৫০ জন নেমে যায় এবং পরে ৪০ জন উঠে, তাহলে এখন কতজন আছে?",multi_step,১১০
"একটি বাক্সে ৬০টি পেন্সিল আছে। যদি ২৫টি বাক্সে থাকে, তাহলে মোট কতটি পেন্সিল?",multiply,১৫০০
"মিতা ১৫ কিমি হাঁটে। যদি সে প্রতিদিন একই দূরত্ব হাঁটে, তাহলে ১২ দিনে কত কিমি হাঁটবে?",multiply,১৮০
"রুবি ৩০০ টাকা দিয়ে ১০টি খাতা কিনল। প্রতিটি খাতার দাম কত?",divide,৩০
"একজন কৃষক প্রতিদিন ২৫ লিটার দুধ বিক্রি করে। যদি সে ৮ দিনে বিক্রি করে, তাহলে মোট কত লিটার বিক্রি করবে?",multiply,২০০
"একটি ক্লাসে ৯০ জন ছাত্র আছে। যদি ২০ জন অনুপস্থিত থাকে, তাহলে এখন কতজন উপস্থিত?",subtract,৭০
"একটি আয়তক্ষেত্রের দৈর্ঘ্য ২৮ মি এবং প্রস্থ ২২ মি। ক্ষেত্রফল কত?",multiply,৬১৬
"মিঠুর কাছে ৯/১০ কেজি চিনি আছে। যদি সে ১/২ কেজি ব্যবহার করে, তাহলে কত কেজি বাকি?",subtract,২/১০
"একটি দোকানে ৩০০টি খেলনা আছে। যদি প্রতিদিন ৫০টি বিক্রি হয়, তাহলে ৪ দিনে কতটি বিক্রি হবে?",multiply,২০০
"রাহিম ২৫টি কলম কিনল। যদি প্রতিটি কলম ২০ টাকা হয়, তাহলে মোট কত টাকা খরচ হলো?",multiply,৫০০
"একটি ট্রেনে ১১০০ জন যাত্রী আছে। যদি প্রতিটি কোচে ৫০ জন বসে, তাহলে কতটি কোচ লাগবে?",divide_ceil,২২   
"মিতা ৮০ টাকা দিয়ে ৮টি চকলেট কিনল। প্রতিটির দাম কত?",divide,১০
"একজন ছাত্র প্রতিদিন ৭ ঘণ্টা পড়ে। যদি সে ৮ দিনে পড়ে, তাহলে মোট কত ঘণ্টা পড়বে?",multiply,৫৬
"একটি আয়তক্ষেত্রের দৈর্ঘ্য ২০ মি এবং প্রস্থ ১৮ মি। ক্ষেত্রফল কত?",multiply,৩৬০
"রুবি ৪০টি পেন্সিল কিনল। যদি সে ১৫টি বন্ধুকে দেয়, তাহলে এখন কতটি আছে?",subtract,২৫
"একটি দোকানে ২০০টি আপেল আছে। যদি প্রতিদিন ৩০টি বিক্রি হয়, তাহলে ৬ দিনে কতটি বিক্রি হবে?",multiply,১৮০   
"মিতা ৬০ টাকা দিয়ে ৬টি কলম কিনল। প্রতিটি কলমের দাম কত?",divide,১০
"একজন কৃষক প্রতিদিন ২০টি ডিম পায়। যদি সে ১০ দিনে পায়, তাহলে মোট কতটি ডিম?",multiply,২০০
"একটি ক্লাসে ৭০ জন ছেলে এবং ৬০ জন মেয়ে আছে। মোট কতজন?",add,১৩০
"রাহিম ২৮০ টাকা দিয়ে ৭টি বই কিনল। প্রতিটি বইয়ের দাম কত?",divide,৪০
"একটি বাসে ৮০ জন যাত্রী আছে। যদি ৪০ জন নেমে যায় এবং পরে ৩০ জন উঠে, তাহলে এখন কতজন আছে?",multi_step,৭০
"একটি বাক্সে ৫০টি পেন্সিল আছে। যদি ২০টি বাক্সে থাকে, তাহলে মোট কতটি পেন্সিল?",multiply,১০০০
"মিতা ৭ কিমি হাঁটে। যদি সে প্রতিদিন একই দূরত্ব হাঁটে, তাহলে ১৫ দিনে কত কিমি হাঁটবে?",multiply,১০৫
"রুবি ১৮০ টাকা দিয়ে ৬টি খাতা কিনল। প্রতিটি খাতার দাম কত?",divide,৩০
"একজন শ্রমিক ৬ ঘণ্টা কাজ করে। যদি সে প্রতিদিন ৭ দিনে কাজ করে, তাহলে মোট কত ঘণ্টা কাজ করবে?",multiply,৪২
"একটি আয়তক্ষেত্রের দৈর্ঘ্য ২৪ মি এবং প্রস্থ ১৬ মি। ক্ষেত্রফল কত?",multiply,৩৮৪
"রাহিম ৩৫০ টাকা দিয়ে ৫টি খাতা কিনল। প্রতিটির দাম কত?",divide,৭০
"একটি বাসে ৬০ জন যাত্রী আছে। যদি ২০ জন নেমে যায় এবং পরে ৩০ জন উঠে, তাহলে এখন কতজন আছে?",multi_step,৭০
"একটি বাক্সে ৩০টি পেন্সিল আছে। যদি ২০টি বাক্সে থাকে, তাহলে মোট কতটি পেন্সিল?",multiply,৬০০
"মিতা ৯ কিমি হাঁটে। যদি সে প্রতিদিন একই দূরত্ব হাঁটে, তাহলে ১০ দিনে কত কিমি হাঁটবে?",multiply,৯০
"রাহিমের কাছে ২৭০ টাকা আছে। সে ৭০ টাকা দিয়ে কলম কিনল। পরে আরও ৮০ টাকা পেল। এখন তার কাছে কত টাকা আছে?",multi_step,২৮০
"মিঠুর কাছে ৫/৬ কেজি চিনি আছে। যদি সে ২/৬ কেজি ব্যবহার করে, তাহলে কত কেজি বাকি?",subtract,৩/৬
"একটি ট্রেনে ৭০০ জন যাত্রী আছে। যদি প্রতিটি কোচে ৩৫ জন বসে, তাহলে কতটি কোচ লাগবে?",divide_ceil,২০
"একটি আয়তক্ষেত্রের দৈর্ঘ্য ৩০ মি এবং প্রস্থ ২০ মি। ক্ষেত্রফল কত?",multiply,৬০০  
"একটি দোকানে ২৫০টি আপেল আছে। যদি প্রতিদিন ৩০টি বিক্রি হয়, তাহলে ৫ দিনে কতটি আপেল বিক্রি হবে?",multiply,১৫০
"একটি রেস্টুরেন্টে ৩০টি টেবিল আছে। যদি প্রতিটি টেবিলে ৭ জন বসে, তাহলে মোট কতজন খেতে পারে?",multiply,২১০
"একজন শ্রমিক ১০ ঘণ্টা কাজ করে। যদি সে প্রতিদিন ৪ দিনে কাজ করে, তাহলে মোট কত ঘণ্টা কাজ করবে?",multiply,৪০
"একটি আয়তক্ষেত্রের দৈর্ঘ্য ৪০ মি এবং প্রস্থ ২৫ মি। ক্ষেত্রফল কত?",multiply,১০০০
"রাহিম ৫০০ টাকা দিয়ে ১০টি বই কিনল। প্রতিটি বইয়ের দাম কত?",divide,৫০
"একটি বাসে ১২০ জন যাত্রী আছে। যদি ৬০ জন নেমে যায় এবং পরে ৫০ জন উঠে, তাহলে এখন কতজন আছে?",multi_step,১১০
"একটি বাক্সে ৭০টি পেন্সিল আছে। যদি ৩০টি বাক্সে থাকে, তাহলে মোট কতটি পেন্সিল?",multiply,২১০০
"মিতা ২০ কিমি হাঁটে। যদি সে প্রতিদিন একই দূরত্ব হাঁটে, তাহলে ১০ দিনে কত কিমি হাঁটবে?",multiply,২০০    
"রুবি ৩০০ টাকা দিয়ে ১২টি খাতা কিনল। প্রতিটি খাতার দাম কত?",divide,২৫
"একজন কৃষক প্রতিদিন ৩৫ লিটার দুধ বিক্রি করে। যদি সে ৬ দিনে বিক্রি করে, তাহলে মোট কত লিটার বিক্রি করবে?",multiply,২১০
"একটি ক্লাসে ১০০ জন ছাত্র আছে। যদি ২৫ জন অনুপস্থিত থাকে, তাহলে এখন কতজন উপস্থিত?",subtract,৭৫
"একটি আয়তক্ষেত্রের দৈর্ঘ্য ৩২ মি এবং প্রস্থ ২৪ মি। ক্ষেত্রফল কত?",multiply,৭৬৮
"মিঠুর কাছে ৭/৮ কেজি চিনি আছে। যদি সে ৩/৮ কেজি ব্যবহার করে, তাহলে কত কেজি বাকি?",subtract,৪/৮
"একটি দোকানে ৪০০টি খেলনা আছে। যদি প্রতিদিন ৬০টি বিক্রি হয়, তাহলে ৫ দিনে কতটি বিক্রি হবে?",multiply,৩০০
"রাহিম ৩০টি কলম কিনল। যদি প্রতিটি কলম ১৮ টাকা হয়, তাহলে মোট কত টাকা খরচ হলো?",multiply,৫৪০
"একটি ট্রেনে ৮০০ জন যাত্রী আছে। যদি প্রতিটি কোচে ৪০ জন বসে, তাহলে কতটি কোচ লাগবে?",divide_ceil,২০
"মিতা ৭০ টাকা দিয়ে ৭টি চকলেট কিনল। প্রতিটির দাম কত?",divide,১০
"একজন ছাত্র প্রতিদিন ৫ ঘণ্টা পড়ে। যদি সে ১০ দিনে পড়ে, তাহলে মোট কত ঘণ্টা পড়বে?",multiply,৫০
"একটি আয়তক্ষেত্রের দৈর্ঘ্য ১৮ মি এবং প্রস্থ ১৪ মি। ক্ষেত্রফল কত?",multiply,২৫২
"রুবি ৫০টি পেন্সিল কিনল। যদি সে ২০টি বন্ধুকে দেয়, তাহলে এখন কতটি আছে?",subtract,৩০
"একটি দোকানে ২৫০টি আপেল আছে। যদি প্রতিদিন ৪০টি বিক্রি হয়, তাহলে ৪ দিনে কতটি বিক্রি হবে?",multiply,১৬০
"মিতা ৬০ টাকা দিয়ে ৬টি কলম কিনল। প্রতিটি কলমের দাম কত?",divide,১০
"একজন কৃষক প্রতিদিন ২২টি ডিম পায়। যদি সে ১১ দিনে পায়, তাহলে মোট কতটি ডিম?",multiply,২৪২  
"সারার কাছে ১৫ টাকা আছে। মা তাকে আরো ২৫ টাকা দিল। এখন তার কাছে কত টাকা?",add,৪০
"আহমেদের কাছে ৫০টি মার্বেল আছে। সে তার ২০টি বন্ধুকে দিল। বাকি কতটি?",subtract,৩০
"নিশার কাছে ১২টি বই ছিল। সে ৪টি লাইব্রেরিতে দান করল। এখন কতটি আছে?",subtract,৮
"রফিকের কাছে ১৫টি কলা আছে। মামা তাকে আরও ৫টি দিল। মোট কতটি?",add,২০
"লিলার কাছে ৮টি গোলাপ আছে। বাবা তার জন্য আরও ৭টি এনে দিল। এখন কতটি?",add,১৫
"রাহুল ৬০ টাকা নিয়ে দোকানে গেল। সে ২৫ টাকার খেলনা কিনল। বাকি কত টাকা?",subtract,৩৫
"মরিয়মের কাছে ২০টি পেন্সিল ছিল। সে ৮টি হারিয়ে ফেলল। এখন কতটি আছে?",subtract,১২
"রুবি ১৫০টি পেন্সিল কিনল। পরে ৫০টি বন্ধুকে দিল। এখন কতটি আছে?",subtract,১০০
"রুবি ৭০টি পেন্সিল কিনল। পরে ২০টি বন্ধুকে দিল। এখন কতটি আছে?",subtract,৫০
"রুবি ৯০টি পেন্সিল কিনল। পরে ৩০টি বন্ধুকে দিল। এখন কতটি আছে?",subtract,৬০
"গ্রামবাসীরা গ্রামের রাস্তা মেরামতের জন্য টাকা তোলার সিদ্ধান্ত নিলেন। গ্রামে ৩২৪টি পরিবার আছে। প্রত্যেক পরিবার যদি ৩০০ টাকা করে জমা দেয়, তাহলে সর্বমোট কত টাকা হবে?",multiply,৯৭২০০
"একটি স্কুলে ৫০০ জন ছাত্র আছে। যদি প্রতিদিন ৮০ জন ছাত্র অনুপস্থিত থাকে, তাহলে এক সপ্তাহে মোট কতজন ছাত্র অনুপস্থিত থাকবে?",multiply,৫৬০
"একটি কারখানায় প্রতিদিন ১৫০০টি পণ্য তৈরি হয়। যদি প্রতিদিন ২০০টি পণ্য বিক্রি হয়, তাহলে এক সপ্তাহে কতটি পণ্য বিক্রি হবে?",multiply,১৪০০
"একটি শহরে ৬০০০টি গাছ লাগানো হয়েছে। যদি প্রতি বছর ১২% গাছ মারা যায়, তাহলে ৫ বছরে কতটি গাছ বাঁচবে?",multi_step,৩৫২৭
"একটি ট্রেনে ৯০০ জন যাত্রী আছে। যদি প্রতিটি কোচে ৪৫ জন বসে, তাহলে কতটি কোচ লাগবে?",divide_ceil,২০
"একটি আয়তক্ষেত্রের দৈর্ঘ্য ৩০ মি এবং প্রস্থ ২৫ মি। ক্ষেত্রফল কত?",multiply,৭৫০
"একটি দোকানে ৩০০টি আপেল আছে। যদি প্রতিদিন ৫০টি বিক্রি হয়, তাহলে ৬ দিনে কতটি আপেল বিক্রি হবে?",multiply,৩০০
"একটি রেস্টুরেন্টে ২০টি টেবিল আছে। যদি প্রতিটি টেবিলে ৫ জন বসে, তাহলে মোট কতজন খেতে পারে?",multiply,১০০
"একজন শ্রমিক ৯ ঘণ্টা কাজ করে। যদি সে প্রতিদিন ৬ দিনে কাজ করে, তাহলে মোট কত ঘণ্টা কাজ করবে?",multiply,৫৪
"একটি আয়তক্ষেত্রের দৈর্ঘ্য ২৫ মি এবং প্রস্থ ২০ মি। ক্ষেত্রফল কত?",multiply,৫০০
"রাহিম ৪৫০ টাকা দিয়ে ৯টি বই কিনল। প্রতিটি বইয়ের দাম কত?",divide,৫০
"একটি বাসে ৭০ জন যাত্রী আছে। যদি ৩০ জন নেমে যায় এবং পরে ২০ জন উঠে, তাহলে এখন কতজন আছে?",multi_step,৬০
"একটি বাক্সে ৪০টি পেন্সিল আছে। যদি ২০টি বাক্সে থাকে, তাহলে মোট কতটি পেন্সিল?",multiply,৮০০
"মিতা ১০ কিমি হাঁটে। যদি সে প্রতিদিন একই দূরত্ব হাঁটে, তাহলে ১২ দিনে কত কিমি হাঁটবে?",multiply,১২০
"রুবি ২১০ টাকা দিয়ে ৭টি খাতা কিনল। প্রতিটি খাতার দাম কত?",divide,৩০
"একজন কৃষক প্রতিদিন ২৮ লিটার দুধ বিক্রি করে। যদি সে ৯ দিনে বিক্রি করে, তাহলে মোট কত লিটার বিক্রি করবে?",multiply,২৫২
"একটি ক্লাসে ৮০ জন ছাত্র আছে। যদি ৩০ জন অনুপস্থিত থাকে, তাহলে এখন কতজন উপস্থিত?",subtract,৫০
"একটি আয়তক্ষেত্রের দৈর্ঘ্য ৩৬ মি এবং প্রস্থ ২৪ মি। ক্ষেত্রফল কত?",multiply,৮৬৪
"মিঠুর কাছে ৭/১০ কেজি চিনি আছে। যদি সে ২/৫ কেজি ব্যবহার করে, তাহলে কত কেজি বাকি?",subtract,৩/১০
"একটি দোকানে ৩৫০টি খেলনা আছে। যদি প্রতিদিন ৭০টি বিক্রি হয়, তাহলে ৪ দিনে কতটি বিক্রি হবে?",multiply,২৮০
"রাহিম ৪০টি কলম কিনল। যদি প্রতিটি কলম ১০ টাকা হয়, তাহলে মোট কত টাকা খরচ হলো?",multiply,৪০০
"একটি ট্রেনে ১০০০ জন যাত্রী আছে। যদি প্রতিটি কোচে ৫০ জন বসে, তাহলে কতটি কোচ লাগবে?",divide_ceil,২০   
"মিতা ৯০ টাকা দিয়ে ৯টি চকলেট কিনল। প্রতিটির দাম কত?",divide,১০
"একজন ছাত্র প্রতিদিন ৬ ঘণ্টা পড়ে। যদি সে ১১ দিনে পড়ে, তাহলে মোট কত ঘণ্টা পড়বে?",multiply,৬৬
"একটি আয়তক্ষেত্রের দৈর্ঘ্য ২২ মি এবং প্রস্থ ২০ মি। ক্ষেত্রফল কত?",multiply,৪৪০
"রুবি ৬০টি পেন্সিল কিনল। যদি সে ২৫টি বন্ধুকে দেয়, তাহলে এখন কতটি আছে?",subtract,৩৫
"একটি দোকানে ৩০০টি আপেল আছে। যদি প্রতিদিন ৩০টি বিক্রি হয়, তাহলে ৫ দিনে কতটি বিক্রি হবে?",multiply,১৫০
"মিতা ৫০ টাকা দিয়ে ৫টি কলম কিনল। প্রতিটি কলমের দাম কত?",divide,১০
"একজন কৃষক প্রতিদিন ১৫টি ডিম পায়। যদি সে ১৩ দিনে পায়, তাহলে মোট কতটি ডিম?",multiply,১৯৫
"একটি ক্লাসে ৬০ জন ছেলে এবং ৫৫ জন মেয়ে আছে। মোট কতজন?",add,১১৫
"রাহিমের কাছে ৫টি আম আছে। করিম তাকে ৩টি আম দিল। এখন তার কাছে কতটি আম?",add,৮
"আহমেদের কাছে ৪০টি মার্বেল আছে। সে তার ১৫টি বন্ধুকে দিল। বাকি কতটি?",subtract,২৫
"নিশার কাছে ২০টি বই ছিল। সে ৭টি লাইব্রেরিতে দান করল। এখন কতটি আছে?",subtract,১৩
"রফিকের কাছে ১৮টি কলা আছে। মামা তাকে আরও ৬টি দিল। মোট কতটি?",add,২৪
"লিলার কাছে ১০টি গোলাপ আছে। বাবা তার জন্য আরও ৫টি এনে দিল। এখন কতটি?",add,১৫
"রাহুল ৮০ টাকা নিয়ে দোকানে গেল। সে ৩০ টাকার খেলনা কিনল। বাকি কত টাকা?",subtract,৫০
"মরিয়মের কাছে ২৫টি পেন্সিল ছিল। সে ১০টি হারিয়ে ফেলল। এখন কতটি আছে?",subtract,১৫
"রুবি ২০০টি পেন্সিল কিনল। পরে ৭৫টি বন্ধুকে দিল। এখন কতটি আছে?",subtract,১২৫
"রুবি ৬০টি পেন্সিল কিনল। পরে ২৫টি বন্ধুকে দিল। এখন কতটি আছে?",subtract,৩৫
"রুবি ৮০টি পেন্সিল কিনল। পরে ৩০টি বন্ধুকে দিল। এখন কতটি আছে?",subtract,৫০
"গ্রামবাসীরা গ্রামের রাস্তা মেরামতের জন্য টাকা তোলার সিদ্ধান্ত নিলেন। গ্রামে ৩২৪টি পরিবার আছে। প্রত্যেক পরিবার যদি ২০০ টাকা করে জমা দেয়, তাহলে সর্বমোট কত টাকা হবে?",multiply,৬৪৮০০
"একটি স্কুলে ৬০০ জন ছাত্র আছে। যদি প্রতিদিন ৯০ জন ছাত্র অনুপস্থিত থাকে, তাহলে এক সপ্তাহে মোট কতজন ছাত্র অনুপস্থিত থাকবে?",multiply,৬৩০
"একটি কারখানায় প্রতিদিন ১৮০০টি পণ্য তৈরি হয়। যদি প্রতিদিন ২৫০টি পণ্য বিক্রি হয়, তাহলে এক সপ্তাহে কতটি পণ্য বিক্রি হবে?",multiply,১৭৫০
"একটি শহরে ৭০০০টি গাছ লাগানো হয়েছে। যদি প্রতি বছর ১৫% গাছ মারা যায়, তাহলে ৫ বছরে কতটি গাছ বাঁচবে?",multi_step,৩৫৭৭
"একটি ট্রেনে ১১০০ জন যাত্রী আছে। যদি প্রতিটি কোচে ৫৫ জন বসে, তাহলে কতটি কোচ লাগবে?",divide_ceil,২০
"একটি আয়তক্ষেত্রের দৈর্ঘ্য ৩৫ মি এবং প্রস্থ ২৮ মি। ক্ষেত্রফল কত?",multiply,৯৮০
"একটি দোকানে ৪০০টি আপেল আছে। যদি প্রতিদিন ৬০টি বিক্রি হয়, তাহলে ৭ দিনে কতটি আপেল বিক্রি হবে?",multiply,৪২০
"একটি রেস্টুরেন্টে ৩০টি টেবিল আছে। যদি প্রতিটি টেবিলে ৯ জন বসে, তাহলে মোট কতজন খেতে পারে?",multiply,২৭০
"একজন শ্রমিক ৮ ঘণ্টা কাজ করে। যদি সে প্রতিদিন ৫ দিনে কাজ করে, তাহলে মোট কত ঘণ্টা কাজ করবে?",multiply,৪০
"একটি আয়তক্ষেত্রের দৈর্ঘ্য ২৮ মি এবং প্রস্থ ২২ মি। ক্ষেত্রফল কত?",multiply,৬১৬
"রাহিম ৫০০ টাকা দিয়ে ১০টি বই কিনল। প্রতিটি বইয়ের দাম কত?",divide,৫০
"একটি বাসে ৯০ জন যাত্রী আছে। যদি ৪০ জন নেমে যায় এবং পরে ৩০ জন উঠে, তাহলে এখন কতজন আছে?",multi_step,৮০
"একটি বাক্সে ৬০টি পেন্সিল আছে। যদি ২৫টি বাক্সে থাকে, তাহলে মোট কতটি পেন্সিল?",multiply,১৫০০
"মিতা ১৫ কিমি হাঁটে। যদি সে প্রতিদিন একই দূরত্ব হাঁটে, তাহলে ১২ দিনে কত কিমি হাঁটবে?",multiply,১৮০
"রুবি ৩০০ টাকা দিয়ে ১০টি খাতা কিনল। প্রতিটি খাতার দাম কত?",divide,৩০
"একজন কৃষক প্রতিদিন ২৫ লিটার দুধ বিক্রি করে। যদি সে ৮ দিনে বিক্রি করে, তাহলে মোট কত লিটার বিক্রি করবে?",multiply,২০০
"একটি ক্লাসে ৯০ জন ছাত্র আছে। যদি ২০ জন অনুপস্থিত থাকে, তাহলে এখন কতজন উপস্থিত?",subtract,৭০
"একটি আয়তক্ষেত্রের দৈর্ঘ্য ৩৬ মি এবং প্রস্থ ২৪ মি। ক্ষেত্রফল কত?",multiply,৮৬৪
"মিঠুর কাছে ৭/১০ কেজি চিনি আছে। যদি সে ২/৫ কেজি ব্যবহার করে, তাহলে কত কেজি বাকি?",subtract,৩/১০
"একটি দোকানে ৩৫০টি খেলনা আছে। যদি প্রতিদিন ৭০টি বিক্রি হয়, তাহলে ৪ দিনে কতটি বিক্রি হবে?",multiply,২৮০
"রাহিম ৪০টি কলম কিনল। যদি প্রতিটি কলম ১০ টাকা হয়, তাহলে মোট কত টাকা খরচ হলো?",multiply,৪০০
"একটি ট্রেনে ১০০০ জন যাত্রী আছে। যদি প্রতিটি কোচে ৫০ জন বসে, তাহলে কতটি কোচ লাগবে?",divide_ceil,২০   
"মিতা ৯০ টাকা দিয়ে ৯টি চকলেট কিনল। প্রতিটির দাম কত?",divide,১০
"একজন ছাত্র প্রতিদিন ৬ ঘণ্টা পড়ে। যদি সে ১১ দিনে পড়ে, তাহলে মোট কত ঘণ্টা পড়বে?",multiply,৬৬
"একটি আয়তক্ষেত্রের দৈর্ঘ্য ২২ মি এবং প্রস্থ ২০ মি। ক্ষেত্রফল কত?",multiply,৪৪০
"রুবি ৬০টি পেন্সিল কিনল। যদি সে ২৫টি বন্ধুকে দেয়, তাহলে এখন কতটি আছে?",subtract,৩৫
"একটি দোকানে ৩০০টি আপেল আছে। যদি প্রতিদিন ৩০টি বিক্রি হয়, তাহলে ৫ দিনে কতটি বিক্রি হবে?",multiply,১৫০
"মিতা ৫০ টাকা দিয়ে ৫টি কলম কিনল। প্রতিটি কলমের দাম কত?",divide,১০
"একজন কৃষক প্রতিদিন ১৫টি ডিম পায়। যদি সে ১৩ দিনে পায়, তাহলে মোট কতটি ডিম?",multiply,১৯৫
"একটি ক্লাসে ৬০ জন ছেলে এবং ৫৫ জন মেয়ে আছে। মোট কতজন?",add,১১৫
"রাহিমের কাছে ৫টি আম আছে। করিম তাকে ৩টি আম দিল। এখন তার কাছে কতটি আম?",add,৮
"৪৭ + ৩৬",add,৮৩
"৯৩ - ২৮",subtract,৬৫
"২৫ × ৪",multiply,১০০
"৪৮ ÷ ১২",divide,৪
"১২ + ১৯",add,৩১
"৭৮ - ৫৬",subtract,২২
"৩৪ × ৭",multiply,২৩৮
"৯৬ ÷ ৮",divide,১২
"৫৯ + ৪১",add,১০০
"৮০ - ৪৫",subtract,৩৫
"১৪ × ৯",multiply,১২৬
"৯০ ÷ ১৫",divide,৬
"৬৬ + ১২",add,৭৮
"৭৭ - ৩৮",subtract,৩৯
"৫ × ৫",multiply,২৫
"৪২ ÷ ৭",divide,৬
"৫০ + ২৯",add,৭৯
"৮৮ - ৬৪",subtract,২৪
"৩৬ × ৮",multiply,২৮৮
"৪৮ ÷ ১৬",divide,৩
"১৫ + ৪৭",add,৬২
"৬৯ - ২২",subtract,৪৭
"১২ × ১১",multiply,১৩২
"৮৪ ÷ ২১",divide,৪
"২৩ + ১৭",add,৪০
"৯১ - ৭৬",subtract,১৫
"১৯ × ৬",multiply,১১৪
"৭২ ÷ ৯",divide,৮
"৪৪ + ৫৫",add,৯৯
"৬৮ - ৪৯",subtract,১৯
"৯ × ৯",multiply,৮১
"৯৬ ÷ ২৪",divide,৪
"১৩ + ২৭",add,৪০
"৮৭ - ৬৫",subtract,২২
"২২ × ৪",multiply,৮৮
"৭০ ÷ ১০",divide,৭
"৪৯ + ২৮",add,৭৭
"৬২ - ৩৭",subtract,২৫
"১৮ × ১২",multiply,২১৬
"৮১ ÷ ৯",divide,৯
"২৪ + ৪৬",add,৭০
"৯৫ - ৪৮",subtract,৪৭
"৭ × ১৪",multiply,৯৮
"৫০ ÷ ৫",divide,১০
"৪৩ + ৫৭",add,১০০
"৮৯ - ৩৩",subtract,৫৬
"১১ × ১১",multiply,১২১
"৪৮ ÷ ৬",divide,৮
"৫৪ + ৩৬",add,৯০
"৭৭ - ৪৪",subtract,৩৩
"১৬ × ১৫",multiply,২৪০
"৭২ ÷ ১৮",divide,৪
"১৯ + ৮১",add,১০০
"৫৫ - ২২",subtract,৩৩
"১৩ × ৮",multiply,১০৪
"৬৪ ÷ ৮",divide,৮
"৩২ + ৪৮",add,৮০
"৮৫ - ৬৯",subtract,১৬
"২১ × ৫",multiply,১০৫
"৯০ ÷ ৩০",divide,৩
"৪৬ + ১৪",add,৬০
"৭৮ - ৫৯",subtract,১৯
"১২ × ৯",multiply,১০৮
"৮৪ ÷ ১২",divide,৭
"২৭ + ৭৩",add,১০০
"৬১ - ৩৪",subtract,২৭
"৫ × ১৮",multiply,৯০
"৪০ ÷ ১০",divide,৪
"৩৯ + ৪১",add,৮০
"৯৪ - ৭৮",subtract,১৬
"১৭ × ১৩",multiply,২২১
"৩৬ ÷ ৯",divide,৪
"২৫ + ৭৫",add,১০০
"৮৮ - ৪৪",subtract,৪৪
"১৯ × ৭",multiply,১৩৩
"৯৬ ÷ ৩২",divide,৩
"৩৫ + ১৫",add,৫০
"৬৯ - ২৭",subtract,৪২
"১৪ × ৬",multiply,৮৪
"৮০ ÷ ২০",divide,৪
"৫৬ + ১২",add,৬৮
"৭৭ - ৫৫",subtract,২২
"২৩ × ৩",multiply,৬৯
"৯০ ÷ ৯",divide,১০
"৪৮ + ৫২",add,১০০
"৮১ - ৬৪",subtract,১৭
"৯ × ১৫",multiply,১৩৫
"৭২ ÷ ৮",divide,৯
"৪০ + ৩৯",add,৭৯
"৫৫ - ২৯",subtract,২৬
"১৮ × ১৪",multiply,২৫২
"৬৩ ÷ ৭",divide,৯
"৪২ + ৩৮",add,৮০
"৯১ - ৫১",subtract,৪০
"২১ × ৯",multiply,১৮৯
"৪৮ ÷ ১২",divide,৪
"২৯ + ৭১",add,১০০
"৭৮ - ৪২",subtract,৩৬
"১৩ × ১৬",multiply,২০৮
"৮৪ ÷ ১৪",divide,৬
"৪৭ + ৫৩",add,১০০
"৬৬ - ৩৩",subtract,৩৩
"১২ × ১৯",multiply,২২৮
"৩৬ ÷ ৬",divide,৬
"২৫ + ৪৫",add,৭০
"৯০ - ৭০",subtract,২০
"৮ × ১১",multiply,৮৮
"৯৯ ÷ ১১",divide,৯
"৫৯ + ২২",add,৮১
"৮৪ - ৪৮",subtract,৩৬
"১৫ × ১২",multiply,১৮০
"৭২ ÷ ২৪",divide,৩
"২৬ + ১৪",add,৪০
"৫৮ - ৪৬",subtract,১২
"১৭ × ৬",multiply,১০২
"৪৯ ÷ ৭",divide,৭
"৪৪ + ৩৩",add,৭৭
"৬৯ - ৫৭",subtract,১২
"১৩ × ৭",multiply,৯১
"৮০ ÷ ১৬",divide,৫
"৩৫ + ৬৫",add,১০০
"৯২ - ৪৮",subtract,৪৪
"৯ × ১২",multiply,১০৮
"৭২ ÷ ৯",divide,৮
"সারার কাছে ১৫ টাকা আছে। মা তাকে আরো ২৫ টাকা দিল। এখন তার কাছে কত টাকা?",add,৪০
"আহমেদের কাছে ৫০টি মার্বেল আছে। তার বন্ধু ২০টি মার্বেল দিল। বাকি কতটি?",add,৭০
"নিশার কাছে ১২টি বই ছিল। সে ৪টি লাইব্রেরিতে দান করল। এখন কতটি আছে?",subtract,৮
"রফিকের কাছে ১৫টি কলা আছে। মামা তাকে আরও ৫টি দিল। মোট কতটি?",add,২০
"লিলার কাছে ৮টি গোলাপ আছে। বাবা তার জন্য আরও ৭টি এনে দিল। এখন কতটি?",add,১৫
"রাহুল ৬০ টাকা নিয়ে দোকানে গেল। সে ২৫ টাকার খেলনা কিনল। বাকি কত টাকা?",subtract,৩৫
"মরিয়মের কাছে ২০টি পেন্সিল ছিল। সে ৮টি হারিয়ে ফেলল। এখন কতটি আছে?",subtract,১২
"রুবি ১৫০টি পেন্সিল কিনল। পরে ৫০টি বন্ধুকে দিল। এখন কতটি আছে?",subtract,১০০
"রুবি ৭০টি পেন্সিল কিনল। পরে ২০টি বন্ধুকে দিল। এখন কতটি আছে?",subtract,৫০
"নিশার কাছে ১২টি বই ছিল। সে ৪টি লাইব্রেরিতে দান করল। এখন কতটি আছে?",subtract,৮
"রফিকের কাছে ১৫টি কলা আছে। মামা তাকে আরও ৫টি দিল। মোট কতটি?",add,২০
"লিলার কাছে ৮টি গোলাপ আছে। বাবা তার জন্য আরও ৭টি এনে দিল। এখন কতটি?",add,১৫
"রাহিমের কাছে ২০ টাকা আছে। বাবা তাকে আরও ৩০ টাকা দিল। এখন তার কাছে কত টাকা?",add,৫০
"তানিয়ার কাছে ১০টি কলম আছে। সে আরও ১৫টি কিনল। এখন তার কাছে কতটি কলম?",add,২৫
"রুবেলের কাছে ৪০ টাকা আছে। সে আরও ২০ টাকা পেল। এখন তার কাছে কত টাকা?",add,৬০
"মিতার কাছে ১২টি আপেল আছে। তার মা আরও ৮টি দিলেন। এখন কতটি আপেল আছে?",add,২০
"রুমির কাছে ২৫টি চকোলেট আছে। সে আরও ১৫টি পেল। এখন তার কাছে কতটি চকোলেট?",add,৪০
"শিলার কাছে ১৮টি বই আছে। সে আরও ৭টি বই কিনল। এখন তার কাছে কতটি বই?",add,২৫
"রুবি ৩০ টাকা পেয়েছে। সে আরও ২০ টাকা পেয়েছে। এখন তার কাছে কত টাকা?",add,৫০
"রাহিমের কাছে ৫০টি মার্বেল আছে। সে আরও ২৫টি মার্বেল পেল। এখন তার কাছে কতটি মার্বেল?",add,৭৫
"মরিয়মের কাছে ১০টি পেন্সিল আছে। সে আরও ৫টি পেল। এখন তার কাছে কতটি পেন্সিল?",add,১৫
"তানিয়ার কাছে ৬টি গোলাপ আছে। তার বাবা আরও ৪টি গোলাপ দিলেন। এখন তার কাছে কতটি গোলাপ?",add,১০
"একটি ঝুড়িতে ১২টি কমলা আছে। আরো ৮টি কমলা রাখা হলো। এখন মোট কতটি কমলা?",add,২০
"রুবেলের কাছে ৩০ টাকা আছে। সে আরও ১৫ টাকা পেল। এখন তার কাছে কত টাকা?",add,৪৫
"মিতার কাছে ২০টি আপেল আছে। তার মা আরও ১০টি দিলেন। এখন কতটি আপেল আছে?",add,৩০
"রুমির কাছে ১৫টি চকোলেট আছে। সে আরও ৫টি পেল। এখন তার কাছে কতটি চকোলেট?",add,২০
"শিলার কাছে ২২টি বই আছে। সে আরও ৮টি বই কিনল। এখন তার কাছে কতটি বই?",add,৩০
"রুবি ৪০ টাকা পেয়েছে। সে আরও ৩০ টাকা পেয়েছে। এখন তার কাছে কত টাকা?",add,৭০
"রাহিমের কাছে ৬০টি মার্বেল আছে। সে আরও ৩০টি মার্বেল পেল। এখন তার কাছে কতটি মার্বেল?",add,৯০
"মরিয়মের কাছে ১৫টি পেন্সিল আছে। সে আরও ১০টি পেল। এখন তার কাছে কতটি পেন্সিল?",add,২৫
"তানিয়ার কাছে ৫টি গোলাপ আছে। তার বাবা আরও ৫টি গোলাপ দিলেন। এখন তার কাছে কতটি গোলাপ?",add,১০
"একটি ঝুড়িতে ২০টি কমলা আছে। আরো ১৫টি কমলা রাখা হলো। এখন মোট কতটি কমলা?",add,৩৫
"রুবেলের কাছে ৫০ টাকা আছে। সে আরও ২৫ টাকা পেল। এখন তার কাছে কত টাকা?",add,৭৫
"মিতার কাছে ৩০টি আপেল আছে। তার মা আরও ২০টি দিলেন। এখন কতটি আপেল আছে?",add,৫০
"রুমির কাছে ২০টি চকোলেট আছে। সে আরও ১০টি পেল। এখন তার কাছে কতটি চকোলেট?",add,৩০
"শিলার কাছে ৩০টি বই আছে। সে আরও ২০টি বই কিনল। এখন তার কাছে কতটি বই?",add,৫০
"রুবি ৬০ টাকা পেয়েছে। সে আরও ৪০ টাকা পেয়েছে। এখন তার কাছে কত টাকা?",add,১০০
"রাহিমের কাছে ৭০টি মার্বেল আছে। সে আরও ৩০টি মার্বেল পেল। এখন তার কাছে কতটি মার্বেল?",add,১০০
"মরিয়মের কাছে ২০টি পেন্সিল আছে। সে আরও ১৫টি পেল। এখন তার কাছে কতটি পেন্সিল?",add,৩৫
"তানিয়ার কাছে ৮টি গোলাপ আছে। তার বাবা আরও ৭টি গোলাপ দিলেন। এখন তার কাছে কতটি গোলাপ?",add,১৫
"একটি ঝুড়িতে ২৫টি কমলা আছে। আরো ১০টি কমলা রাখা হলো। এখন মোট কতটি কমলা?",add,৩৫
"রুবেলের কাছে ৪০ টাকা আছে। সে আরও ২০ টাকা পেল। এখন তার কাছে কত টাকা?",add,৬০
"মিতার কাছে ১৫টি আপেল আছে। তার মা আরও ৫টি দিলেন। এখন কতটি আপেল আছে?",add,২০
"রুমির কাছে ১০টি চকোলেট আছে। সে আরও ৫টি পেল। এখন তার কাছে কতটি চকোলেট?",add,১৫
"শিলার কাছে ১২টি বই আছে। সে আরও ৮টি বই কিনল। এখন তার কাছে কতটি বই?",add,২০
"রুবি ২০ টাকা পেয়েছে। সে আরও ৩০ টাকা পেয়েছে। এখন তার কাছে কত টাকা?",add,৫০
"রাহিমের কাছে ৩০টি মার্বেল আছে। সে আরও ২০টি মার্বেল পেল। এখন তার কাছে কতটি মার্বেল?",add,৫০
"মরিয়মের কাছে ৫টি পেন্সিল আছে। সে আরও ৫টি পেল। এখন তার কাছে কতটি পেন্সিল?",add,১০
"তানিয়ার কাছে ৪টি গোলাপ আছে। তার বাবা আরও ৬টি গোলাপ দিলেন। এখন তার কাছে কতটি গোলাপ?",add,১০
"একটি ঝুড়িতে ১৫টি কমলা আছে। আরো ৫টি কমলা রাখা হলো। এখন মোট কতটি কমলা?",add,২০
"রুবেলের কাছে ২০ টাকা আছে। সে আরও ১৫ টাকা পেল। এখন তার কাছে কত টাকা?",add,৩৫
"মিতার কাছে ১০টি আপেল আছে। তার মা আরও ৫টি দিলেন। এখন কতটি আপেল আছে?",add,১৫
"রুমির কাছে ৫টি চকোলেট আছে। সে আরও ৫টি পেল। এখন তার কাছে কতটি চকোলেট?",add,১০
"শিলার কাছে ৮টি বই আছে। সে আরও ৭টি বই কিনল। এখন তার কাছে কতটি বই?",add,১৫
"রুবি ৩০ টাকা পেয়েছে। সে আরও ২০ টাকা পেয়েছে। এখন তার কাছে কত টাকা?",add,৫০
"রাহিমের কাছে ৪০টি মার্বেল আছে। সে আরও ২০টি মার্বেল পেল। এখন তার কাছে কতটি মার্বেল?",add,৬০
"মরিয়মের কাছে ১২টি পেন্সিল আছে। সে আরও ৮টি পেল। এখন তার কাছে কতটি পেন্সিল?",add,২০
"তানিয়ার কাছে ৬টি গোলাপ আছে। তার বাবা আরও ৪টি গোলাপ দিলেন। এখন তার কাছে কতটি গোলাপ?",add,১০